ID;SEC00_CHAIN;TRN00_PERIOD;VOL;VAL
1;MARGARINLER;201901;8,785,376,600;90,313,343.56
2;DONDURMALAR;201901;971,840,218.50;15,455,247.28
3;BULASIK DETERJANLARI;201901;19,246,127,477.20;226,321,366.81
4;GRANUL ICECEKLER;201901;69,012,894;996,069.55
5;NONWEB;201901;3,121,549,421.80;20,568,619.39
6;MAYONEZLER;201901;1,808,615,863;20,794,213.18
7;HELVALAR;201901;2,219,690,747.20;39,022,362.15
8;HEDIYELIK CIKOLATALAR;201901;267,513,355;8,301,616.88
9;KULAK TEMIZLEME CUBUGU;201901;207,068,606;2,775,588.30
10;YARABANTLARI;201901;2,035,162;184,949.21
11;PIRINC UNLARI;201901;218,902,475;4,172,356.10
12;AGIZ SAGLIGI;201901;28,108;197,599.22
13;EV TEMIZLIGI MADDELERI;201901;32,871,594,431.95;164,747,361.18
14;TURK KAHVELERI;201901;1,909,375,928;81,500,492.96
15;KAGIT URUNLERI;201901;1,951,954,327;299,085,872.26
16;BEYAZ ETLER;201901;44,091,309,789;491,543,243.50
17;CEREZLER;201901;3,499,831,690;100,417,678.62
18;YOGURTLAR;201901;78,704,550,585.20;377,982,507.70
19;AYRAN VE KREMA;201901;7,009,040,093;34,521,633.88
20;ET VE TAVUK SULARI;201901;32,435,049,700;12,237,279.80
21;AMPULLER;201901;757,764;6,182,894.53
22;CILT BAKIM URUNLERI;201901;541,201,407;46,779,270.30
23;TEREYAGLAR;201901;7,484,084,762;278,938,213.40
24;HARDALLAR;201901;26,500,295;707,545.70
25;AILE PLANLAMASI;201901;1,060,406;1,341,946.32
26;KEDI-KOPEK MAMALARI;201901;437,591,935;7,962,987.14
27;MAYALAR;201901;455,625,254;8,218,877.04
28;HAZIR CORBALAR;201901;7,118,224,040;15,140,817.62
29;MAKARNALAR;201901;31,271,988,708;108,819,747.34
30;MADEN SULARI;201901;17,941,403,180;59,307,778.27
31;KURUYEMISLER;201901;21,048,001,783.20;544,259,613.37
32;UNLAR;201901;40,015,366,676;105,841,368.93
33;PUDINGLER;201901;3,749,355,392;59,198,036.25
34;EV TEMIZLIGI ARACLARI;201901;18,925,038;19,799,794.50
35;HAZIR KAHVELER VE KREMALAR;201901;733,622,039.90;82,248,879.19
36;TURSULAR;201901;2,890,364,100;18,407,330.38
37;BEBEK ISLAK MENDILLERI;201901;1,487,979,561;87,082,425.60
38;SIVI YAGLAR;201901;64,167,273,039;506,745,077.68
39;COCUK BEZLERI;201901;301,124,459;218,380,913.30
40;BUZLU CAYLAR;201901;7,540,477,400;19,759,243.89
41;KAKAOLU SUT TOZLARI;201901;517,873,453;17,292,049.48
42;KETCAPLAR;201901;3,750,745,525;26,847,389.14
43;SAC BOYALARI;201901;100,919,889;20,731,878.37
44;KADIN PARFUMLERI;201901;33,458,197;19,180,428.38
45;AGIZ GARGARALARI;201901;74,046,790;2,768,612.93
46;HALI SAMPUANLARI;201901;85,011,537;1,395,226.19
47;Test Sector 1;201901;190,384,788,133.82;5,158,343,065.48
48;EV YAPIMI URUNLER;201901;138,145,471,837;0
49;TUZ;201901;7,671,381,425;13,238,817.59
50;ET MAMULLERI;201901;26,728,121,845.86;1,120,317,055.63
51;PASTANE URUNLERI;201901;1,278,314,130;16,569,658.86
52;HIJYENIK PEDLER;201901;178,324,960;73,696,927.70
53;ALUMINYUM FOLYOLAR VE STREC FILMLER;201901;236,485,558.04;22,855,762.27
54;SOSLAR;201901;746,631,419;14,653,846.17
55;TRAS BICAKLARI;201901;11,323,341;17,138,396.25
56;EV PARFUMLERI;201901;619,454;6,266,499.67
57;SAGLIK BEZLERI;201901;1,424,143;3,242,587.42
58;MALT ICECEKLER;201901;48,469,300;448,380
59;BEBEK BANYO KOPUKLERI;201901;65,209,100;878,809.69
60;GUNES YAGLARI VE KREMLERI;201901;5,099,900;1,273,685.37
61;TRAS ALETLERI;201901;20,749;540,202.17
62;SULAR;201901;700,537,615,820;340,280,553.67
63;BAKLIYAT;201901;71,064,697,503.20;414,842,743.79
64;CAYLAR;201901;13,726,958,515.60;370,979,891.79
65;PEYNIRLER;201901;44,872,754,043.80;985,167,944.03
66;BISKUVILER;201901;26,036,055,751.40;354,416,070.10
67;RECELLER;201901;4,424,547,741;97,178,364.35
68;KREM CIKOLATALAR;201901;6,973,103,448;135,695,300.35
69;YUMURTALAR;201901;887,071,922;515,537,376.03
70;PILLER;201901;5,767,548;6,585,939.47
71;SAKIZLAR;201901;140,784,334.02;18,919,984.79
72;CAMASIR DETERJANLARI;201901;47,474,597,276;283,275,631.62
73;BEBEK MAMALARI;201901;1,002,487,675;72,603,411.92
74;TUY DOKUCU KREMLER;201901;117,724,681;6,855,829
75;DIS FIRCALARI;201901;3,202,278;14,603,910.07
76;MISIR GEVREKLERI;201901;1,451,867,570;27,760,956.45
77;ZEYTINLER;201901;14,405,132,020.90;242,739,820.00
78;EKMEKLER;201901;4,416,330,844;33,484,392.42
79;CIKOLATALAR;201901;2,072,352,097.25;94,293,464.58
80;MEYVE SULARI;201901;19,520,988,440;72,168,806.86
81;SEKERLER;201901;1,604,362,395.50;38,738,754.02
82;SALEPLER VE BOZALAR;201901;3,202,485,485;15,278,517.00
83;SABUNLAR VE DUS JELLERI;201901;11,529,360,723;93,987,163.18
84;CAMASIR YUMUSATICILARI;201901;19,761,519,296;98,223,664.19
85;SAC KREMLERI;201901;1,057,324,465;26,818,939.19
86;TRAS LOSYONLARI;201901;22,592,814;8,280,181.70
87;TRAS KREM VE KOPUKLERI;201901;139,153,180;4,478,938.57
88;HAZIR PASTA UNLARI;201901;151,025,179;2,492,477.62
89;ENERJI VE SPOR ICECEKLERI;201901;387,447,376;4,342,870.19
90;TOZ SABUNLAR;201901;187,817,700;3,193,752.83
91;DIGER ACIK GIDA URUNLERI;201901;38,673,563;2,101,407.51
92;TOZ-KESME SEKERLER;201901;49,455,664,342.80;204,137,469.99
93;BAHARATLAR;201901;4,256,817,487.20;111,144,333.29
94;SIRKELER;201901;4,458,309,894;20,061,618.36
95;COP TORBALARI;201901;58,492,419;11,018,981.46
96;SAMPUANLAR;201901;6,911,749,085;165,316,161.31
97;BIRALAR;201901;5,591,230,083;105,133,325.72
98;DEODORANTLAR;201901;305,111,296;28,383,416.19
99;BEBEK PUDRALARI;201901;9,316,965;730,674.99
100;KUMAS KOKU GIDERICILER;201901;105,076,095;1,691,761.97
101;SAC SPREYLERI;201901;22,242,727;1,519,760.40
102;SAC JOLELERI;201901;35,787,250;679,512.25
103;GAZLI MESRUBATLAR;201901;84,154,072,400;186,055,671.77
104;CIKOLATA KAPLAMALAR;201901;6,219,049,641.30;168,659,352.98
105;SUTLER;201901;215,780,541,267;691,669,883.29
106;RENKLI KOZMETIKLER;201901;2,619,463;33,049,964.41
107;HAZIR YEMEKLER;201901;3,806,813,659;32,844,408.71
108;BANDED PACK;201901;2,799,767,890.00;41,568,233.49
109;LIMON-SALGAM SULARI;201901;1,690,105,160;5,614,845.66
110;DONDURULMUS GIDALAR;201901;6,514,968,788;69,280,730.47
111;TAHIN - PEKMEZ;201901;3,051,429,058;59,459,992.92
112;SALCALAR;201901;12,126,786,654;130,532,818.73
113;DIS MACUNLARI;201901;576,751,115;55,216,231.69
114;BALIK KONSERVELERI;201901;431,966,160;19,107,624.40
115;ALKOLLU ICECEKLER;201901;663,585,600;94,307,057.89
116;ARAP SABUNLARI;201901;313,934,070;1,968,137.25
117;MOBILYA BAKIM URUNLERI;201901;162,506,100;1,442,935.38
118;KOLONYALAR;201901;368,690,600;6,633,331.62
119;SINEK-BOCEK ILACLARI;201901;127,044;1,283,601.18
120;KOPUK JOLELER;201901;5,645,500;639,092.59
121;BRIYANTINLER;201901;6,497,815;439,728.30
77;ZEYTINLER;201902;13,975,340,481;238,013,485.47
39;COCUK BEZLERI;201902;297,988,972;219,141,884.80
1;MARGARINLER;201902;8,495,758,850;87,326,958.30
93;BAHARATLAR;201902;4,125,185,147.40;105,223,990.38
66;BISKUVILER;201902;25,828,402,983.30;363,972,622.67
72;CAMASIR DETERJANLARI;201902;49,741,677,678;290,145,739.99
47;Test Sector 1;201902;162,038,589,285.80;4,473,136,304.25
22;CILT BAKIM URUNLERI;201902;525,748,830;46,768,533.93
110;DONDURULMUS GIDALAR;201902;6,504,745,501;69,840,490.62
53;ALUMINYUM FOLYOLAR VE STREC FILMLER;201902;227,994,826.28;23,059,624.78
95;COP TORBALARI;201902;60,878,825;12,271,005.55
106;RENKLI KOZMETIKLER;201902;2,704,627;34,321,205.47
20;ET VE TAVUK SULARI;201902;32,771,641,280;12,206,335.02
41;KAKAOLU SUT TOZLARI;201902;540,859,047.10;18,043,559.27
115;ALKOLLU ICECEKLER;201902;491,970,200;72,444,340.53
102;SAC JOLELERI;201902;42,188,425;716,598.35
44;KADIN PARFUMLERI;201902;24,938,783;13,259,847.05
60;GUNES YAGLARI VE KREMLERI;201902;2,028,400;363,096.70
50;ET MAMULLERI;201902;26,751,345,827.80;1,140,846,324.71
35;HAZIR KAHVELER VE KREMALAR;201902;776,370,058.80;81,617,825.10
32;UNLAR;201902;39,905,319,583;104,787,427.94
6;MAYONEZLER;201902;2,016,415,070;24,816,629.47
19;AYRAN VE KREMA;201902;7,131,814,415;35,316,221.65
48;EV YAPIMI URUNLER;201902;128,575,820,524;0
21;AMPULLER;201902;758,504;5,835,832.04
26;KEDI-KOPEK MAMALARI;201902;550,056,938;9,991,866.03
4;GRANUL ICECEKLER;201902;58,127,081;938,644.88
89;ENERJI VE SPOR ICECEKLERI;201902;311,068,401;3,782,013.95
29;MAKARNALAR;201902;30,689,557,788;108,635,092.78
7;HELVALAR;201902;2,158,993,943;38,015,367.67
83;SABUNLAR VE DUS JELLERI;201902;11,817,075,311;93,954,390.45
36;TURSULAR;201902;3,090,821,853;19,596,808.88
79;CIKOLATALAR;201902;1,919,851,151.30;88,055,600.15
3;BULASIK DETERJANLARI;201902;19,276,526,545.40;229,701,247.45
70;PILLER;201902;5,578,191;6,179,982.22
91;DIGER ACIK GIDA URUNLERI;201902;21,709,981;1,208,769.26
76;MISIR GEVREKLERI;201902;1,529,029,465;29,449,273.96
87;TRAS KREM VE KOPUKLERI;201902;125,915,875;3,942,237.09
121;BRIYANTINLER;201902;5,639,120;255,401.40
57;SAGLIK BEZLERI;201902;1,249,325;2,661,872.66
90;TOZ SABUNLAR;201902;206,128,700;2,966,045.51
10;YARABANTLARI;201902;2,395,773;207,311.03
61;TRAS ALETLERI;201902;25,596;573,347.06
65;PEYNIRLER;201902;45,149,496,116.10;985,577,587.99
68;KREM CIKOLATALAR;201902;6,993,857,768;135,866,812.17
80;MEYVE SULARI;201902;18,804,497,600;70,853,227.04
71;SAKIZLAR;201902;146,768,422.05;19,046,149.24
49;TUZ;201902;7,603,239,160;13,226,739.97
63;BAKLIYAT;201902;70,056,961,851.20;414,268,387.48
33;PUDINGLER;201902;3,765,472,050;60,342,933.04
82;SALEPLER VE BOZALAR;201902;2,356,325,130;10,912,526.30
54;SOSLAR;201902;780,535,765;15,492,834.74
28;HAZIR CORBALAR;201902;6,743,799,740;14,120,601.95
23;TEREYAGLAR;201902;7,435,524,083.90;279,199,640.73
73;BEBEK MAMALARI;201902;1,014,446,090;72,223,806.85
97;BIRALAR;201902;4,906,615,105;95,402,298.60
8;HEDIYELIK CIKOLATALAR;201902;286,207,451;8,031,075.69
34;EV TEMIZLIGI ARACLARI;201902;19,493,659;19,404,283.92
46;HALI SAMPUANLARI;201902;81,573,000;1,217,670.89
85;SAC KREMLERI;201902;1,047,211,260;27,664,860.36
15;KAGIT URUNLERI;201902;1,887,103,355;277,251,993.04
17;CEREZLER;201902;3,198,519,154;94,007,570.49
14;TURK KAHVELERI;201902;1,961,929,779;83,211,148.92
104;CIKOLATA KAPLAMALAR;201902;6,432,927,403.40;173,460,362.53
109;LIMON-SALGAM SULARI;201902;1,615,048,260;5,774,287.08
2;DONDURMALAR;201902;843,394,159.50;16,121,737.66
9;KULAK TEMIZLEME CUBUGU;201902;202,999,798;2,739,046.64
114;BALIK KONSERVELERI;201902;441,034,685;19,079,301.47
117;MOBILYA BAKIM URUNLERI;201902;163,365,860;1,430,591.56
99;BEBEK PUDRALARI;201902;9,549,100;714,350.23
101;SAC SPREYLERI;201902;23,109,800;1,195,365.01
12;AGIZ SAGLIGI;201902;22,147;174,777.92
105;SUTLER;201902;206,213,648,482;669,793,829.82
75;DIS FIRCALARI;201902;3,512,420;15,563,281.55
92;TOZ-KESME SEKERLER;201902;49,716,109,018.60;203,429,931.71
84;CAMASIR YUMUSATICILARI;201902;19,142,579,184;93,846,394.14
103;GAZLI MESRUBATLAR;201902;79,371,958,950;181,207,842.91
69;YUMURTALAR;201902;855,761,371;503,316,080.51
30;MADEN SULARI;201902;17,925,776,460;60,157,151.67
108;BANDED PACK;201902;3,493,565,624.20;49,454,369.01
5;NONWEB;201902;3,599,976,582;23,930,151.12
43;SAC BOYALARI;201902;99,884,931;21,320,238.06
55;TRAS BICAKLARI;201902;12,390,752;21,156,258.76
51;PASTANE URUNLERI;201902;1,289,019,615;16,345,725.90
74;TUY DOKUCU KREMLER;201902;102,257,820;5,882,214.78
25;AILE PLANLAMASI;201902;1,237,413;1,246,221.28
62;SULAR;201902;664,796,479,210;324,468,352.77
13;EV TEMIZLIGI MADDELERI;201902;33,788,009,234.55;172,987,548.68
38;SIVI YAGLAR;201902;63,275,977,024;484,213,135.20
67;RECELLER;201902;4,476,987,028;97,883,200.87
42;KETCAPLAR;201902;3,818,834,846;27,665,746.79
81;SEKERLER;201902;1,801,551,994;41,802,284.47
78;EKMEKLER;201902;4,189,714,887;33,177,238.09
86;TRAS LOSYONLARI;201902;19,849,020;10,363,690.58
40;BUZLU CAYLAR;201902;6,333,601,360;17,192,860.10
24;HARDALLAR;201902;23,204,620;554,499.49
116;ARAP SABUNLARI;201902;303,029,920;1,826,923.36
107;HAZIR YEMEKLER;201902;3,758,412,506;32,206,896.34
11;PIRINC UNLARI;201902;223,623,475;4,316,053.22
58;MALT ICECEKLER;201902;41,452,540;434,132.01
88;HAZIR PASTA UNLARI;201902;138,312,806;2,174,758.89
120;KOPUK JOLELER;201902;5,778,475;555,720.26
112;SALCALAR;201902;11,517,543,963;121,104,473.00
52;HIJYENIK PEDLER;201902;165,918,983;70,994,999.99
64;CAYLAR;201902;13,774,854,336.10;379,471,274.63
18;YOGURTLAR;201902;76,809,576,314;360,996,167.84
37;BEBEK ISLAK MENDILLERI;201902;1,432,396,798;84,980,872.71
96;SAMPUANLAR;201902;6,911,563,295;167,228,127.09
16;BEYAZ ETLER;201902;43,887,698,011;497,827,822.71
113;DIS MACUNLARI;201902;587,174,398.25;55,491,957.80
31;KURUYEMISLER;201902;18,884,750,968.20;466,536,646.63
27;MAYALAR;201902;456,482,031;8,398,513.06
111;TAHIN - PEKMEZ;201902;2,900,455,278.60;56,518,998.36
94;SIRKELER;201902;4,025,705,832;17,830,373.79
98;DEODORANTLAR;201902;295,094,612;27,268,174.96
118;KOLONYALAR;201902;368,101,935;6,854,922.66
56;EV PARFUMLERI;201902;565,574;5,192,998.74
45;AGIZ GARGARALARI;201902;68,002,025;2,331,915.27
100;KUMAS KOKU GIDERICILER;201902;119,952,420;2,328,923.11
59;BEBEK BANYO KOPUKLERI;201902;60,543,400;920,926.25
119;SINEK-BOCEK ILACLARI;201902;87,078;840,057.92
113;DIS MACUNLARI;201903;567,412,083;56,545,099.01
67;RECELLER;201903;4,115,568,647;85,952,992.62
8;HEDIYELIK CIKOLATALAR;201903;291,877,597;9,653,445.51
19;AYRAN VE KREMA;201903;7,064,701,713;33,662,194.85
69;YUMURTALAR;201903;798,620,381;462,029,278.98
92;TOZ-KESME SEKERLER;201903;46,635,387,101.40;192,201,778.14
40;BUZLU CAYLAR;201903;5,611,927,260;15,458,821.64
23;TEREYAGLAR;201903;7,142,603,990;265,462,995.59
17;CEREZLER;201903;2,775,959,317;83,685,165.01
64;CAYLAR;201903;13,075,772,844.50;359,578,447.39
11;PIRINC UNLARI;201903;201,038,650;4,165,632.83
51;PASTANE URUNLERI;201903;1,353,055,795;17,704,674.79
95;COP TORBALARI;201903;53,417,652;10,770,633.66
22;CILT BAKIM URUNLERI;201903;558,765,062;52,407,377.36
86;TRAS LOSYONLARI;201903;20,152,052;8,033,015.24
12;AGIZ SAGLIGI;201903;25,042;230,340.63
79;CIKOLATALAR;201903;1,845,347,633.80;87,465,694.34
75;DIS FIRCALARI;201903;3,402,405;16,744,503.88
15;KAGIT URUNLERI;201903;1,861,338,490;278,826,747.93
47;Test Sector 1;201903;163,097,477,696.35;4,373,574,584.71
93;BAHARATLAR;201903;4,057,935,448;101,729,957.91
29;MAKARNALAR;201903;29,783,983,906;105,845,171.11
48;EV YAPIMI URUNLER;201903;126,713,831,668;0
9;KULAK TEMIZLEME CUBUGU;201903;187,106,818;2,557,587.19
28;HAZIR CORBALAR;201903;6,492,266,920;13,884,128.98
34;EV TEMIZLIGI ARACLARI;201903;17,390,584;18,630,292.82
20;ET VE TAVUK SULARI;201903;33,146,911,180;12,965,632.50
89;ENERJI VE SPOR ICECEKLERI;201903;271,675,385;3,451,660.70
87;TRAS KREM VE KOPUKLERI;201903;112,165,540;3,571,315.82
24;HARDALLAR;201903;25,000,150;640,509.57
119;SINEK-BOCEK ILACLARI;201903;118,687;1,048,753.93
121;BRIYANTINLER;201903;10,610,377;341,677.34
56;EV PARFUMLERI;201903;529,620;4,973,264.10
58;MALT ICECEKLER;201903;46,885,500;463,649.99
111;TAHIN - PEKMEZ;201903;2,345,769,723;45,153,333.11
105;SUTLER;201903;203,404,631,750;663,432,797.03
110;DONDURULMUS GIDALAR;201903;6,506,912,337;70,088,191.52
13;EV TEMIZLIGI MADDELERI;201903;32,200,668,422.40;165,443,195.86
27;MAYALAR;201903;449,751,158.50;8,334,614.17
81;SEKERLER;201903;1,741,815,416.50;41,178,930.05
55;TRAS BICAKLARI;201903;11,572,470;18,636,127.05
90;TOZ SABUNLAR;201903;194,581,000;3,025,437.44
70;PILLER;201903;5,152,591;5,589,004.68
26;KEDI-KOPEK MAMALARI;201903;413,102,186;7,985,713.98
61;TRAS ALETLERI;201903;25,285;681,442.70
32;UNLAR;201903;38,704,769,298;101,612,414.29
50;ET MAMULLERI;201903;26,140,054,486.30;1,116,347,038.05
62;SULAR;201903;651,006,742,030;316,590,304.29
107;HAZIR YEMEKLER;201903;3,810,406,649;32,685,635.24
38;SIVI YAGLAR;201903;61,161,766,250;465,275,822.89
71;SAKIZLAR;201903;134,410,417.38;19,441,780.09
97;BIRALAR;201903;4,761,177,447;92,652,335.31
72;CAMASIR DETERJANLARI;201903;47,955,689,958.40;280,331,721.24
84;CAMASIR YUMUSATICILARI;201903;19,220,449,558;96,809,078.25
109;LIMON-SALGAM SULARI;201903;1,560,796,050;5,605,582.28
98;DEODORANTLAR;201903;310,969,326;26,861,454.04
42;KETCAPLAR;201903;3,758,702,794;27,471,789.24
80;MEYVE SULARI;201903;18,311,529,510;70,335,523.95
76;MISIR GEVREKLERI;201903;1,579,890,185;31,550,515.30
44;KADIN PARFUMLERI;201903;22,058,100;11,696,978.22
4;GRANUL ICECEKLER;201903;58,793,936;1,054,259.06
65;PEYNIRLER;201903;43,304,421,164.56;945,832,756.50
66;BISKUVILER;201903;24,864,643,980.10;357,413,731.15
37;BEBEK ISLAK MENDILLERI;201903;1,398,019,041;83,975,250.36
33;PUDINGLER;201903;3,712,421,035;58,761,742.47
112;SALCALAR;201903;11,604,263,702.50;122,569,829.42
1;MARGARINLER;201903;8,611,608,050;87,966,903.00
14;TURK KAHVELERI;201903;1,974,897,817;83,353,787.88
94;SIRKELER;201903;3,881,333,591;17,797,977.79
41;KAKAOLU SUT TOZLARI;201903;536,080,958.70;18,157,501.05
85;SAC KREMLERI;201903;999,781,025;27,320,899.09
82;SALEPLER VE BOZALAR;201903;1,373,362,900;6,448,579.92
106;RENKLI KOZMETIKLER;201903;2,794,536;36,448,849.35
6;MAYONEZLER;201903;1,913,920,128;22,734,621.53
116;ARAP SABUNLARI;201903;292,405,520;1,880,163.79
99;BEBEK PUDRALARI;201903;5,627,345;468,072.41
10;YARABANTLARI;201903;2,542,310;209,911.84
91;DIGER ACIK GIDA URUNLERI;201903;15,616,037;919,005.44
102;SAC JOLELERI;201903;26,929,175;505,979
54;SOSLAR;201903;745,292,654;15,354,798.07
96;SAMPUANLAR;201903;6,636,937,385;164,333,091.12
77;ZEYTINLER;201903;12,791,759,580.70;220,945,550.89
68;KREM CIKOLATALAR;201903;6,817,955,025;131,918,186.95
18;YOGURTLAR;201903;71,813,655,575;313,821,134.39
31;KURUYEMISLER;201903;17,640,015,909.60;445,293,089.56
63;BAKLIYAT;201903;68,011,136,954;403,705,718.93
30;MADEN SULARI;201903;17,642,860,050;60,322,104.77
78;EKMEKLER;201903;4,447,701,332;35,280,360.28
115;ALKOLLU ICECEKLER;201903;523,003,100;79,551,106.55
7;HELVALAR;201903;2,037,378,091;35,395,393.66
39;COCUK BEZLERI;201903;296,186,673;216,935,635.24
100;KUMAS KOKU GIDERICILER;201903;108,233,800;1,897,319.28
57;SAGLIK BEZLERI;201903;1,179,687;2,574,997.34
88;HAZIR PASTA UNLARI;201903;114,380,641;1,851,187.63
45;AGIZ GARGARALARI;201903;76,741,605;2,508,234.52
120;KOPUK JOLELER;201903;4,736,150;473,274.75
117;MOBILYA BAKIM URUNLERI;201903;193,375,260;1,632,783.13
52;HIJYENIK PEDLER;201903;165,919,834;70,384,677.10
108;BANDED PACK;201903;3,530,891,407.25;51,806,345.45
16;BEYAZ ETLER;201903;41,610,985,013.65;487,790,097.46
103;GAZLI MESRUBATLAR;201903;66,587,669,080;153,666,483.20
36;TURSULAR;201903;3,234,789,961;18,830,510.53
53;ALUMINYUM FOLYOLAR VE STREC FILMLER;201903;219,267,340.44;22,301,001.84
118;KOLONYALAR;201903;357,936,755;6,608,006.01
2;DONDURMALAR;201903;1,716,258,479;29,567,395.87
74;TUY DOKUCU KREMLER;201903;115,256,998;7,077,251.01
25;AILE PLANLAMASI;201903;1,086,379;1,261,596.18
46;HALI SAMPUANLARI;201903;44,988,050;658,527.17
35;HAZIR KAHVELER VE KREMALAR;201903;746,211,691.20;77,004,464.99
104;CIKOLATA KAPLAMALAR;201903;6,074,958,446.70;162,828,804.27
3;BULASIK DETERJANLARI;201903;19,115,184,327.70;226,403,337.46
73;BEBEK MAMALARI;201903;1,015,649,480;72,841,498.48
83;SABUNLAR VE DUS JELLERI;201903;11,354,320,175;94,183,018.90
49;TUZ;201903;7,604,408,109;13,016,833.63
101;SAC SPREYLERI;201903;27,457,439;1,203,644.02
5;NONWEB;201903;2,395,751,543.60;19,723,817.61
43;SAC BOYALARI;201903;93,266,247;20,016,811.97
114;BALIK KONSERVELERI;201903;471,082,475;20,341,331.90
21;AMPULLER;201903;608,312;4,632,182.96
59;BEBEK BANYO KOPUKLERI;201903;51,683,800;952,630.34
60;GUNES YAGLARI VE KREMLERI;201903;4,226,925;1,047,562.99
47;Test Sector 1;201904;196,202,025,654.06;5,470,643,841.41
31;KURUYEMISLER;201904;17,528,249,758.90;451,656,759.59
73;BEBEK MAMALARI;201904;1,042,065,385;77,262,547.15
14;TURK KAHVELERI;201904;2,037,159,378;87,465,825.59
108;BANDED PACK;201904;3,519,585,428.89;54,515,409.43
55;TRAS BICAKLARI;201904;12,222,945;19,792,279.63
34;EV TEMIZLIGI ARACLARI;201904;19,979,849;20,344,302.36
82;SALEPLER VE BOZALAR;201904;711,162,585;2,895,696.01
117;MOBILYA BAKIM URUNLERI;201904;153,477,550;1,233,817.41
65;PEYNIRLER;201904;46,020,080,439;1,010,787,073.35
38;SIVI YAGLAR;201904;60,934,993,244;468,573,508.20
64;CAYLAR;201904;13,234,035,510.40;360,283,181.98
76;MISIR GEVREKLERI;201904;1,604,437,040;31,957,962.77
19;AYRAN VE KREMA;201904;7,340,020,429;35,306,933.04
1;MARGARINLER;201904;8,503,357,250;86,632,410.39
103;GAZLI MESRUBATLAR;201904;74,089,592,430;171,540,688.42
36;TURSULAR;201904;3,338,389,953;20,181,122.63
70;PILLER;201904;5,119,640;6,356,099.05
40;BUZLU CAYLAR;201904;6,045,992,760;17,336,952.53
68;KREM CIKOLATALAR;201904;7,377,837,663;147,394,402.66
32;UNLAR;201904;37,701,449,910;100,537,448.82
43;SAC BOYALARI;201904;97,428,310;22,012,819.16
94;SIRKELER;201904;3,547,122,930;17,101,060.49
100;KUMAS KOKU GIDERICILER;201904;127,856,985;2,104,021.69
87;TRAS KREM VE KOPUKLERI;201904;136,433,350;4,307,274.04
101;SAC SPREYLERI;201904;28,907,525;1,311,722.13
37;BEBEK ISLAK MENDILLERI;201904;1,400,110,822;85,059,886.93
15;KAGIT URUNLERI;201904;1,782,971,427;288,493,949.05
71;SAKIZLAR;201904;154,506,508.30;21,991,739.02
30;MADEN SULARI;201904;18,119,834,000;63,333,248.30
96;SAMPUANLAR;201904;6,683,357,430;163,983,676.02
16;BEYAZ ETLER;201904;43,936,070,652.37;540,601,856.40
35;HAZIR KAHVELER VE KREMALAR;201904;880,984,111.10;84,372,658.16
28;HAZIR CORBALAR;201904;6,613,665,550;14,247,023.42
84;CAMASIR YUMUSATICILARI;201904;19,889,593,862;104,774,531.07
33;PUDINGLER;201904;3,631,388,288;57,515,615.10
114;BALIK KONSERVELERI;201904;462,045,770;20,449,301.30
57;SAGLIK BEZLERI;201904;1,473,762;2,901,209.26
10;YARABANTLARI;201904;2,804,080;205,667.13
102;SAC JOLELERI;201904;40,165,400;711,463.76
86;TRAS LOSYONLARI;201904;14,573,192;6,675,397.42
119;SINEK-BOCEK ILACLARI;201904;222,377;2,056,898.17
121;BRIYANTINLER;201904;9,016,660;312,034.11
60;GUNES YAGLARI VE KREMLERI;201904;4,899,225;2,775,592.41
91;DIGER ACIK GIDA URUNLERI;201904;16,182,796;828,031.05
95;COP TORBALARI;201904;48,939,358;10,076,499.55
18;YOGURTLAR;201904;77,489,633,944.60;339,251,924.04
50;ET MAMULLERI;201904;27,767,937,380.40;1,205,125,291.13
111;TAHIN - PEKMEZ;201904;2,160,564,834;41,888,941.92
85;SAC KREMLERI;201904;1,057,005,975;28,968,063.25
3;BULASIK DETERJANLARI;201904;18,863,566,266.90;230,736,587.76
51;PASTANE URUNLERI;201904;1,704,769,475;21,105,993.16
20;ET VE TAVUK SULARI;201904;33,169,112,860;12,520,149.11
52;HIJYENIK PEDLER;201904;172,003,175;73,526,163.22
26;KEDI-KOPEK MAMALARI;201904;342,566,025;6,708,006.01
56;EV PARFUMLERI;201904;575,314;5,170,530.95
74;TUY DOKUCU KREMLER;201904;105,825,375;6,968,512.47
99;BEBEK PUDRALARI;201904;6,988,965;519,467.53
4;GRANUL ICECEKLER;201904;79,772,588;1,302,384.46
61;TRAS ALETLERI;201904;23,111;516,217.75
25;AILE PLANLAMASI;201904;1,077,000;1,444,492.72
66;BISKUVILER;201904;25,594,880,459.60;369,209,021.35
93;BAHARATLAR;201904;4,062,898,051.10;104,880,745.98
62;SULAR;201904;665,788,590,590;324,091,252.34
5;NONWEB;201904;3,573,287,167.90;29,414,209.22
79;CIKOLATALAR;201904;1,850,760,584.95;89,769,415.82
109;LIMON-SALGAM SULARI;201904;1,695,872,780;6,010,695.30
7;HELVALAR;201904;2,032,253,540;35,017,292.26
53;ALUMINYUM FOLYOLAR VE STREC FILMLER;201904;219,742,276;21,762,893.43
44;KADIN PARFUMLERI;201904;24,779,245;14,594,352.78
46;HALI SAMPUANLARI;201904;62,221,800;835,533.43
11;PIRINC UNLARI;201904;249,528,150;4,997,439.27
59;BEBEK BANYO KOPUKLERI;201904;55,469,750;1,200,399.80
69;YUMURTALAR;201904;833,587,025;474,739,872.65
48;EV YAPIMI URUNLER;201904;135,397,517,478;0
77;ZEYTINLER;201904;13,056,781,890;225,545,631.95
2;DONDURMALAR;201904;4,022,319,736.50;74,350,858.28
49;TUZ;201904;7,585,586,000;13,406,557.16
42;KETCAPLAR;201904;3,585,341,500;26,928,320.35
6;MAYONEZLER;201904;1,634,908,973;18,676,738.38
8;HEDIYELIK CIKOLATALAR;201904;283,017,331;7,879,757.93
54;SOSLAR;201904;767,908,299;15,110,465.51
115;ALKOLLU ICECEKLER;201904;513,395,350;75,577,902.85
118;KOLONYALAR;201904;379,625,155;7,211,437.95
24;HARDALLAR;201904;25,005,565;686,567.25
80;MEYVE SULARI;201904;20,111,948,460;76,814,106.92
78;EKMEKLER;201904;4,402,509,558;34,936,410.34
67;RECELLER;201904;4,268,907,598;87,658,441.56
27;MAYALAR;201904;412,098,952;7,607,994.94
81;SEKERLER;201904;1,897,065,395;45,327,287.00
41;KAKAOLU SUT TOZLARI;201904;495,329,918.70;16,866,149.57
63;BAKLIYAT;201904;65,443,985,439;390,674,065.34
92;TOZ-KESME SEKERLER;201904;42,087,600,361.10;175,253,940.01
13;EV TEMIZLIGI MADDELERI;201904;32,681,991,637.70;169,936,533.61
104;CIKOLATA KAPLAMALAR;201904;6,428,191,282.50;175,082,741.21
110;DONDURULMUS GIDALAR;201904;6,642,357,739;72,776,108.04
116;ARAP SABUNLARI;201904;330,284,100;2,113,696.25
107;HAZIR YEMEKLER;201904;3,715,443,230;31,849,251.88
106;RENKLI KOZMETIKLER;201904;2,794,123;33,269,251.55
97;BIRALAR;201904;4,886,550,795;96,446,942.52
58;MALT ICECEKLER;201904;52,324,380;521,563.88
88;HAZIR PASTA UNLARI;201904;140,388,182;2,014,628.88
21;AMPULLER;201904;675,929;5,219,567.63
45;AGIZ GARGARALARI;201904;71,687,000;2,277,929.94
12;AGIZ SAGLIGI;201904;14,059;103,355.76
120;KOPUK JOLELER;201904;5,442,925;420,705.25
105;SUTLER;201904;216,196,719,103.50;702,337,299.78
23;TEREYAGLAR;201904;7,628,869,616;287,966,347.50
29;MAKARNALAR;201904;30,824,938,081;111,074,596.20
17;CEREZLER;201904;2,960,662,520;89,999,612.25
39;COCUK BEZLERI;201904;316,148,419;236,355,094.88
72;CAMASIR DETERJANLARI;201904;48,108,917,211;287,955,852.03
113;DIS MACUNLARI;201904;586,613,425;56,931,538.20
83;SABUNLAR VE DUS JELLERI;201904;12,156,256,906;99,228,643.56
112;SALCALAR;201904;12,279,278,362;131,705,916.46
98;DEODORANTLAR;201904;307,536,334;28,714,621.20
75;DIS FIRCALARI;201904;3,302,024;14,014,502.47
22;CILT BAKIM URUNLERI;201904;477,419,927;49,806,098.94
89;ENERJI VE SPOR ICECEKLERI;201904;271,173,555;3,162,759.95
9;KULAK TEMIZLEME CUBUGU;201904;193,588,142;2,740,285.99
90;TOZ SABUNLAR;201904;200,350,920;3,328,843.02
65;PEYNIRLER;201905;44,441,191,327.72;1,002,687,559.59
77;ZEYTINLER;201905;12,529,987,212.80;216,467,015.65
33;PUDINGLER;201905;3,596,216,155;56,609,976.59
37;BEBEK ISLAK MENDILLERI;201905;1,329,268,413;79,547,009.21
96;SAMPUANLAR;201905;6,310,123,210;161,183,347.38
111;TAHIN - PEKMEZ;201905;2,359,375,150;45,396,542.25
55;TRAS BICAKLARI;201905;11,901,914;19,921,766.25
98;DEODORANTLAR;201905;383,559,850;38,092,971.35
71;SAKIZLAR;201905;117,790,519.86;17,332,848.82
6;MAYONEZLER;201905;1,708,429,596;20,302,681.34
51;PASTANE URUNLERI;201905;953,180,350;13,207,497.76
85;SAC KREMLERI;201905;1,005,488,775;28,707,949.56
69;YUMURTALAR;201905;836,124,813;457,867,896.93
105;SUTLER;201905;199,487,327,660;661,323,868.48
41;KAKAOLU SUT TOZLARI;201905;419,633,521;14,413,280.97
63;BAKLIYAT;201905;70,406,071,810.40;426,557,206.95
31;KURUYEMISLER;201905;15,755,166,731.33;414,084,913.53
18;YOGURTLAR;201905;76,429,680,579;339,942,676.06
35;HAZIR KAHVELER VE KREMALAR;201905;740,903,750;74,889,186.46
68;KREM CIKOLATALAR;201905;7,155,693,493;144,898,399.30
17;CEREZLER;201905;2,755,245,686;86,228,778.11
95;COP TORBALARI;201905;56,682,457;10,979,152.90
7;HELVALAR;201905;2,147,419,825;38,960,132.00
56;EV PARFUMLERI;201905;520,129;4,765,440.44
45;AGIZ GARGARALARI;201905;69,543,550;2,248,155.95
104;CIKOLATA KAPLAMALAR;201905;5,648,032,270.40;159,333,804.17
15;KAGIT URUNLERI;201905;1,699,137,166;264,491,324.11
107;HAZIR YEMEKLER;201905;3,953,477,881;34,811,327.02
83;SABUNLAR VE DUS JELLERI;201905;11,277,221,395;91,116,248.76
19;AYRAN VE KREMA;201905;7,935,309,057;39,428,563.38
27;MAYALAR;201905;388,510,075.50;7,348,020.65
39;COCUK BEZLERI;201905;298,208,690;221,968,844.26
46;HALI SAMPUANLARI;201905;89,909,950;1,193,238.32
119;SINEK-BOCEK ILACLARI;201905;502,596;5,146,816.71
11;PIRINC UNLARI;201905;254,995,050;5,071,195.50
99;BEBEK PUDRALARI;201905;10,486,160;913,680
12;AGIZ SAGLIGI;201905;25,739;220,425.81
117;MOBILYA BAKIM URUNLERI;201905;145,691,400;1,129,721.93
30;MADEN SULARI;201905;21,484,220,030;81,606,731.65
47;Test Sector 1;201905;170,350,153,857.69;6,003,965,933.84
50;ET MAMULLERI;201905;33,073,433,786.41;1,478,818,070.26
78;EKMEKLER;201905;3,952,907,551;33,189,237.60
112;SALCALAR;201905;12,635,082,217;136,804,993.72
38;SIVI YAGLAR;201905;60,998,560,950;481,289,574.50
16;BEYAZ ETLER;201905;47,960,791,352.28;665,867,741.42
93;BAHARATLAR;201905;4,062,065,619;103,470,028.98
84;CAMASIR YUMUSATICILARI;201905;19,392,829,346;98,283,778.60
13;EV TEMIZLIGI MADDELERI;201905;32,981,987,123.15;172,874,569.01
43;SAC BOYALARI;201905;91,637,845;19,782,156.84
94;SIRKELER;201905;3,436,919,560;17,865,791.65
106;RENKLI KOZMETIKLER;201905;2,843,838;36,990,624.49
1;MARGARINLER;201905;8,071,283,950;82,955,902.17
92;TOZ-KESME SEKERLER;201905;47,386,311,824.90;199,478,588.74
75;DIS FIRCALARI;201905;3,017,605;15,087,547.76
44;KADIN PARFUMLERI;201905;24,417,380;12,430,531.50
87;TRAS KREM VE KOPUKLERI;201905;124,865,555;4,000,319.41
90;TOZ SABUNLAR;201905;178,382,600;2,989,962.70
66;BISKUVILER;201905;21,349,238,880.40;321,769,764.53
80;MEYVE SULARI;201905;30,877,786,460;116,017,028.33
109;LIMON-SALGAM SULARI;201905;1,884,586,810;6,749,536.99
3;BULASIK DETERJANLARI;201905;18,576,432,540.30;229,780,190.55
23;TEREYAGLAR;201905;7,431,909,361.10;287,826,676.79
81;SEKERLER;201905;2,034,106,458.60;45,916,154.25
14;TURK KAHVELERI;201905;1,826,248,843.60;80,368,225.57
34;EV TEMIZLIGI ARACLARI;201905;18,296,128;20,120,386.96
28;HAZIR CORBALAR;201905;11,427,158,090;25,585,267.14
5;NONWEB;201905;3,402,511,867.80;23,426,329.69
8;HEDIYELIK CIKOLATALAR;201905;391,624,143;12,369,080.58
74;TUY DOKUCU KREMLER;201905;102,925,842;6,472,891.37
86;TRAS LOSYONLARI;201905;15,680,173;6,057,056.69
115;ALKOLLU ICECEKLER;201905;271,737,250;38,222,718.84
91;DIGER ACIK GIDA URUNLERI;201905;16,794,047;759,611.57
60;GUNES YAGLARI VE KREMLERI;201905;9,665,700;4,084,600.98
79;CIKOLATALAR;201905;1,647,607,647.10;80,012,128.53
29;MAKARNALAR;201905;29,887,016,975;115,068,523.63
49;TUZ;201905;7,825,181,376;14,020,413.07
113;DIS MACUNLARI;201905;564,872,183;55,572,855.84
21;AMPULLER;201905;646,110;4,989,934.43
88;HAZIR PASTA UNLARI;201905;128,383,281;1,847,357.85
110;DONDURULMUS GIDALAR;201905;5,945,849,719;69,120,574.79
20;ET VE TAVUK SULARI;201905;35,768,802,430;13,068,890.34
9;KULAK TEMIZLEME CUBUGU;201905;180,014,814;2,534,884.85
57;SAGLIK BEZLERI;201905;1,507,739;3,358,143.75
89;ENERJI VE SPOR ICECEKLERI;201905;302,164,102;3,347,807.52
102;SAC JOLELERI;201905;44,199,180;764,812.93
101;SAC SPREYLERI;201905;30,065,410;1,415,102.78
25;AILE PLANLAMASI;201905;851,545;793,741.58
73;BEBEK MAMALARI;201905;975,847,515;72,335,865.03
116;ARAP SABUNLARI;201905;375,120,390;2,394,962.67
103;GAZLI MESRUBATLAR;201905;91,547,233,170;220,003,276.69
72;CAMASIR DETERJANLARI;201905;48,723,480,163.30;288,507,017.82
64;CAYLAR;201905;12,525,571,567.80;344,210,867.36
67;RECELLER;201905;4,234,417,918.30;83,034,799.57
32;UNLAR;201905;36,421,911,784;100,795,317.09
53;ALUMINYUM FOLYOLAR VE STREC FILMLER;201905;228,008,386;23,306,804.55
22;CILT BAKIM URUNLERI;201905;506,973,962;52,765,689.38
97;BIRALAR;201905;2,947,184,360;58,311,775.18
42;KETCAPLAR;201905;3,465,357,259;26,572,526.36
48;EV YAPIMI URUNLER;201905;128,670,129,634;0
118;KOLONYALAR;201905;399,260,745;7,710,142.66
58;MALT ICECEKLER;201905;42,238,800;502,692.62
82;SALEPLER VE BOZALAR;201905;271,195,845;1,026,628.80
100;KUMAS KOKU GIDERICILER;201905;103,910,950;1,873,336.43
120;KOPUK JOLELER;201905;9,421,700;924,523.32
24;HARDALLAR;201905;27,434,200;669,774.82
121;BRIYANTINLER;201905;2,307,220;67,638.75
62;SULAR;201905;654,008,583,450;319,452,402.46
76;MISIR GEVREKLERI;201905;1,477,057,060;30,104,855.10
36;TURSULAR;201905;3,241,431,928;20,237,824.42
52;HIJYENIK PEDLER;201905;170,072,046;74,201,667.72
2;DONDURMALAR;201905;10,538,152,361.75;188,504,155.41
40;BUZLU CAYLAR;201905;9,371,389,550;26,249,448.18
70;PILLER;201905;4,435,077;5,470,461.99
114;BALIK KONSERVELERI;201905;423,930,725;18,636,513.67
108;BANDED PACK;201905;3,450,154,073.15;54,455,258.63
54;SOSLAR;201905;763,070,715;15,359,163.10
26;KEDI-KOPEK MAMALARI;201905;365,050,345;7,208,320.14
4;GRANUL ICECEKLER;201905;58,407,952;2,180,685.94
59;BEBEK BANYO KOPUKLERI;201905;40,687,000;828,740.17
10;YARABANTLARI;201905;2,732,860;324,533.22
61;TRAS ALETLERI;201905;22,095;770,278.82
80;MEYVE SULARI;201906;28,757,882,310;108,426,106.73
96;SAMPUANLAR;201906;6,663,464,835;171,680,496.42
11;PIRINC UNLARI;201906;250,056,800;4,712,745
107;HAZIR YEMEKLER;201906;3,477,184,007;32,065,053.79
23;TEREYAGLAR;201906;7,024,339,406.80;276,309,253.92
51;PASTANE URUNLERI;201906;919,332,975;12,406,273.56
22;CILT BAKIM URUNLERI;201906;418,689,774;43,211,522.42
43;SAC BOYALARI;201906;104,013,093;22,813,631.61
106;RENKLI KOZMETIKLER;201906;2,872,425;37,475,927.87
119;SINEK-BOCEK ILACLARI;201906;1,221,271;14,048,030.39
4;GRANUL ICECEKLER;201906;54,985,210;2,789,334.72
56;EV PARFUMLERI;201906;518,994;4,675,969.31
118;KOLONYALAR;201906;1,100,601,385;21,605,651.75
85;SAC KREMLERI;201906;1,012,898,957;29,744,854.74
60;GUNES YAGLARI VE KREMLERI;201906;64,593,855;16,317,799.13
88;HAZIR PASTA UNLARI;201906;115,375,050;1,783,942.02
59;BEBEK BANYO KOPUKLERI;201906;98,097,000;1,714,455.65
61;TRAS ALETLERI;201906;47,619;1,223,787.53
47;Test Sector 1;201906;169,710,208,617.15;4,906,958,317.66
8;HEDIYELIK CIKOLATALAR;201906;4,201,973,708;150,631,716.15
92;TOZ-KESME SEKERLER;201906;46,818,873,065;197,852,185.02
105;SUTLER;201906;188,000,085,164;632,275,917.10
79;CIKOLATALAR;201906;1,319,451,157.25;63,936,809.66
103;GAZLI MESRUBATLAR;201906;112,288,364,090;265,250,805.14
40;BUZLU CAYLAR;201906;12,055,932,300;33,264,672.33
9;KULAK TEMIZLEME CUBUGU;201906;195,295,910;2,891,607.92
37;BEBEK ISLAK MENDILLERI;201906;1,351,650,168;80,450,217.79
13;EV TEMIZLIGI MADDELERI;201906;35,375,581,677.75;188,089,092.74
78;EKMEKLER;201906;3,215,547,524;27,237,610.03
34;EV TEMIZLIGI ARACLARI;201906;19,276,058;21,747,549.97
28;HAZIR CORBALAR;201906;7,786,884,130;17,816,186.79
45;AGIZ GARGARALARI;201906;73,175,750;2,547,094.41
102;SAC JOLELERI;201906;39,318,150;795,619.29
117;MOBILYA BAKIM URUNLERI;201906;166,057,850;1,515,077.83
120;KOPUK JOLELER;201906;9,040,550;1,153,533.68
35;HAZIR KAHVELER VE KREMALAR;201906;841,227,154.30;73,010,174.03
2;DONDURMALAR;201906;18,027,279,937;343,346,860.85
39;COCUK BEZLERI;201906;294,915,312;224,152,429.22
52;HIJYENIK PEDLER;201906;160,255,349;71,212,428.18
93;BAHARATLAR;201906;3,939,599,611.50;96,645,003.80
54;SOSLAR;201906;760,674,580;15,486,386.67
109;LIMON-SALGAM SULARI;201906;1,934,880,460;6,918,346.23
7;HELVALAR;201906;1,552,718,881.60;28,169,063.56
116;ARAP SABUNLARI;201906;425,376,110;2,540,397.14
95;COP TORBALARI;201906;57,543,202;11,612,340.70
74;TUY DOKUCU KREMLER;201906;122,331,592;7,510,621.23
21;AMPULLER;201906;560,454;4,525,674.57
114;BALIK KONSERVELERI;201906;395,210,295;17,232,065.96
5;NONWEB;201906;3,489,643,106;31,381,833.65
12;AGIZ SAGLIGI;201906;17,067;138,861.61
99;BEBEK PUDRALARI;201906;10,796,520;879,074.92
25;AILE PLANLAMASI;201906;639,527;702,422.49
69;YUMURTALAR;201906;786,396,949;397,937,568.69
49;TUZ;201906;7,484,972,857;12,948,213.46
6;MAYONEZLER;201906;1,475,651,587;18,203,991.34
33;PUDINGLER;201906;3,240,231,708;51,477,660.78
84;CAMASIR YUMUSATICILARI;201906;21,643,908,890;116,975,725.17
72;CAMASIR DETERJANLARI;201906;48,609,631,323;290,660,547.65
76;MISIR GEVREKLERI;201906;1,331,248,525;27,787,767.35
94;SIRKELER;201906;3,139,904,273;15,924,054.51
41;KAKAOLU SUT TOZLARI;201906;366,142,287.80;12,648,502.81
29;MAKARNALAR;201906;25,642,717,076;101,007,143.92
63;BAKLIYAT;201906;57,096,298,468.60;352,481,235.31
38;SIVI YAGLAR;201906;53,642,687,825;428,771,407.83
30;MADEN SULARI;201906;22,559,443,380;85,477,979.92
67;RECELLER;201906;3,794,974,783;75,850,645.99
77;ZEYTINLER;201906;11,476,219,156.90;202,961,133.89
104;CIKOLATA KAPLAMALAR;201906;4,609,186,055.80;130,579,594.69
110;DONDURULMUS GIDALAR;201906;5,745,593,521;66,486,626.24
83;SABUNLAR VE DUS JELLERI;201906;11,345,200,480;94,060,196.28
32;UNLAR;201906;29,261,597,495;81,882,615.14
20;ET VE TAVUK SULARI;201906;36,399,807,720;12,266,060.73
64;CAYLAR;201906;11,628,309,362.80;320,475,938.31
27;MAYALAR;201906;351,947,999.50;6,627,284.26
111;TAHIN - PEKMEZ;201906;1,669,885,377;32,290,801.39
26;KEDI-KOPEK MAMALARI;201906;381,375,550;6,467,097.42
87;TRAS KREM VE KOPUKLERI;201906;140,791,995;4,351,856.05
58;MALT ICECEKLER;201906;44,788,680;414,728.32
82;SALEPLER VE BOZALAR;201906;170,993,535;635,418.93
19;AYRAN VE KREMA;201906;7,358,268,318;36,375,125.68
50;ET MAMULLERI;201906;33,489,662,577.09;1,517,899,524.76
68;KREM CIKOLATALAR;201906;6,685,454,617;138,001,423.80
81;SEKERLER;201906;11,602,212,932.20;223,264,473.18
1;MARGARINLER;201906;8,068,117,100;82,941,494.88
113;DIS MACUNLARI;201906;557,846,581.50;57,899,085.67
55;TRAS BICAKLARI;201906;12,566,857;20,030,274.56
53;ALUMINYUM FOLYOLAR VE STREC FILMLER;201906;206,469,489.32;19,802,041.94
3;BULASIK DETERJANLARI;201906;18,923,025,225.10;233,678,676.63
115;ALKOLLU ICECEKLER;201906;312,226,575;43,463,465.78
90;TOZ SABUNLAR;201906;182,301,120;2,775,491.98
86;TRAS LOSYONLARI;201906;17,958,695;8,347,565.05
57;SAGLIK BEZLERI;201906;1,630,265;3,571,101.86
24;HARDALLAR;201906;23,068,510;605,545.11
91;DIGER ACIK GIDA URUNLERI;201906;10,462,202;574,764.42
66;BISKUVILER;201906;18,650,706,275.60;286,170,051.20
48;EV YAPIMI URUNLER;201906;128,266,287,450;0
65;PEYNIRLER;201906;42,713,575,274.96;1,002,256,402.56
14;TURK KAHVELERI;201906;1,949,810,572;87,229,971.33
31;KURUYEMISLER;201906;15,507,303,851.82;423,440,739.62
16;BEYAZ ETLER;201906;43,569,884,291.35;634,746,584.01
18;YOGURTLAR;201906;77,654,338,098;351,511,469.76
71;SAKIZLAR;201906;120,434,878.77;17,909,397.45
42;KETCAPLAR;201906;3,265,710,822;26,674,572.07
89;ENERJI VE SPOR ICECEKLERI;201906;361,865,981;3,755,890.66
73;BEBEK MAMALARI;201906;995,550,130;71,064,241.16
10;YARABANTLARI;201906;2,879,800;352,962.16
44;KADIN PARFUMLERI;201906;22,426,155;11,312,903.12
101;SAC SPREYLERI;201906;38,271,230;1,875,692.58
17;CEREZLER;201906;2,784,136,164;88,218,235.67
62;SULAR;201906;674,884,282,720;336,068,289.46
108;BANDED PACK;201906;3,907,894,096.75;57,190,965.90
15;KAGIT URUNLERI;201906;1,648,334,929;259,843,976.85
36;TURSULAR;201906;2,931,158,528;18,566,739.68
112;SALCALAR;201906;11,344,208,313;122,319,763.27
75;DIS FIRCALARI;201906;3,310,072;13,615,380.27
70;PILLER;201906;4,464,635;5,343,817.85
97;BIRALAR;201906;3,623,589,214;72,206,675.07
98;DEODORANTLAR;201906;407,196,762;39,740,621.29
100;KUMAS KOKU GIDERICILER;201906;107,289,555;1,683,536.01
46;HALI SAMPUANLARI;201906;78,602,300;998,901.79
122;EL TEMIZLEME JELLERI VE KOPUKLERI;201906;640,400;27,131.80
121;BRIYANTINLER;201906;2,504,130;266,917.19
47;Test Sector 1;201907;201,364,749,800.86;5,636,143,719.60
105;SUTLER;201907;192,319,493,886;650,836,855.09
37;BEBEK ISLAK MENDILLERI;201907;1,431,807,388;90,596,928.31
13;EV TEMIZLIGI MADDELERI;201907;35,388,639,010.25;187,766,693.26
78;EKMEKLER;201907;3,791,651,294;32,254,718.28
16;BEYAZ ETLER;201907;42,533,564,297.83;630,300,689.57
66;BISKUVILER;201907;21,234,218,370.70;324,172,462.60
63;BAKLIYAT;201907;56,930,329,576.30;354,883,975.79
38;SIVI YAGLAR;201907;56,138,289,715;454,590,798.14
70;PILLER;201907;4,779,295;5,718,588.19
51;PASTANE URUNLERI;201907;1,378,282,190;18,384,192.56
74;TUY DOKUCU KREMLER;201907;131,589,837;9,071,965.82
26;KEDI-KOPEK MAMALARI;201907;332,061,382;6,808,012.17
57;SAGLIK BEZLERI;201907;1,560,480;3,699,344.69
99;BEBEK PUDRALARI;201907;13,512,365;1,135,034.02
61;TRAS ALETLERI;201907;35,622;563,889.99
35;HAZIR KAHVELER VE KREMALAR;201907;822,928,465.40;78,102,310.18
29;MAKARNALAR;201907;27,983,664,649;111,269,790.31
107;HAZIR YEMEKLER;201907;3,006,438,313;30,884,489.32
72;CAMASIR DETERJANLARI;201907;49,949,127,919;303,966,083.45
53;ALUMINYUM FOLYOLAR VE STREC FILMLER;201907;239,841,080.56;21,584,155.78
42;KETCAPLAR;201907;3,212,079,433;25,739,328.58
40;BUZLU CAYLAR;201907;13,661,933,820;39,500,739.14
39;COCUK BEZLERI;201907;301,028,369;228,753,983.11
33;PUDINGLER;201907;3,024,548,617;49,036,301.56
75;DIS FIRCALARI;201907;3,383,626;16,207,168.01
48;EV YAPIMI URUNLER;201907;129,762,215,460;0
86;TRAS LOSYONLARI;201907;17,979,189;6,918,194.62
21;AMPULLER;201907;490,656;3,910,373.45
84;CAMASIR YUMUSATICILARI;201907;19,323,480,052;101,519,848.81
81;SEKERLER;201907;1,922,430,276.20;44,379,300.05
17;CEREZLER;201907;3,398,135,415;110,835,900.13
112;SALCALAR;201907;11,721,455,135;126,949,891.54
30;MADEN SULARI;201907;23,552,833,830;91,139,159.93
113;DIS MACUNLARI;201907;603,843,450.75;66,011,186.60
22;CILT BAKIM URUNLERI;201907;439,266,764;44,398,291.46
27;MAYALAR;201907;370,921,214.50;7,275,250.28
87;TRAS KREM VE KOPUKLERI;201907;137,697,700;4,488,774.02
5;NONWEB;201907;2,816,014,644;25,036,926.73
44;KADIN PARFUMLERI;201907;23,879,749;12,783,605.92
12;AGIZ SAGLIGI;201907;37,144;326,908.54
46;HALI SAMPUANLARI;201907;56,538,200;796,373.54
121;BRIYANTINLER;201907;3,753,300;150,072.95
36;TURSULAR;201907;2,726,910,118;19,140,727.30
69;YUMURTALAR;201907;807,075,357;386,420,642.74
79;CIKOLATALAR;201907;1,220,706,297.90;59,865,620.28
67;RECELLER;201907;3,545,019,512;73,067,982.76
62;SULAR;201907;681,600,215,320;351,653,969.43
92;TOZ-KESME SEKERLER;201907;44,872,399,939;199,158,377.00
76;MISIR GEVREKLERI;201907;1,485,174,945;30,769,151.19
71;SAKIZLAR;201907;144,116,656.26;21,002,752.95
109;LIMON-SALGAM SULARI;201907;1,844,230,100;6,521,482.21
106;RENKLI KOZMETIKLER;201907;2,874,166;40,554,300.03
119;SINEK-BOCEK ILACLARI;201907;1,591,906;18,433,167.35
24;HARDALLAR;201907;14,708,405;440,885.85
117;MOBILYA BAKIM URUNLERI;201907;186,988,400;1,545,434.83
1;MARGARINLER;201907;7,438,853,500;77,340,813.87
103;GAZLI MESRUBATLAR;201907;111,633,413,860;272,387,522.23
104;CIKOLATA KAPLAMALAR;201907;4,589,237,465.40;127,366,133.45
80;MEYVE SULARI;201907;23,158,937,390;87,867,653.66
52;HIJYENIK PEDLER;201907;166,114,370;75,984,724.70
32;UNLAR;201907;30,928,847,373;87,399,421.74
54;SOSLAR;201907;781,826,952;16,067,300.06
118;KOLONYALAR;201907;482,937,500;9,360,372.92
49;TUZ;201907;7,477,268,185;13,600,466.44
41;KAKAOLU SUT TOZLARI;201907;370,651,212.40;13,288,442.33
89;ENERJI VE SPOR ICECEKLERI;201907;483,552,818;5,644,620.84
108;BANDED PACK;201907;3,642,572,089.19;56,297,982.11
115;ALKOLLU ICECEKLER;201907;447,942,850;72,350,289.04
82;SALEPLER VE BOZALAR;201907;97,467,745;377,123.07
73;BEBEK MAMALARI;201907;977,826,320;73,362,573.46
114;BALIK KONSERVELERI;201907;473,904,455;20,632,550.75
101;SAC SPREYLERI;201907;39,935,005;1,907,236.28
88;HAZIR PASTA UNLARI;201907;102,725,573;1,570,730.87
50;ET MAMULLERI;201907;27,604,904,460.17;1,253,331,832.07
64;CAYLAR;201907;12,103,879,071.60;343,321,884.27
68;KREM CIKOLATALAR;201907;6,747,571,916;140,104,594.70
43;SAC BOYALARI;201907;97,721,727;21,578,201.10
93;BAHARATLAR;201907;3,486,633,596;94,879,096.61
110;DONDURULMUS GIDALAR;201907;5,493,699,274;63,009,363.13
98;DEODORANTLAR;201907;480,159,660;47,369,649.69
95;COP TORBALARI;201907;66,923,861;14,598,110.15
20;ET VE TAVUK SULARI;201907;35,455,867,800;12,269,765.42
56;EV PARFUMLERI;201907;478,161;4,538,775.24
11;PIRINC UNLARI;201907;228,932,110;4,496,806.44
4;GRANUL ICECEKLER;201907;73,810,273;3,296,936.65
100;KUMAS KOKU GIDERICILER;201907;104,087,725;1,758,847.60
102;SAC JOLELERI;201907;45,782,610;818,382.79
59;BEBEK BANYO KOPUKLERI;201907;66,254,000;1,267,076.99
65;PEYNIRLER;201907;43,539,858,412.20;1,044,104,743.21
3;BULASIK DETERJANLARI;201907;18,676,280,772.30;234,824,981.53
31;KURUYEMISLER;201907;14,900,696,695.60;393,741,526.31
96;SAMPUANLAR;201907;7,221,684,945;191,108,642.25
60;GUNES YAGLARI VE KREMLERI;201907;93,626,690;22,329,452.15
94;SIRKELER;201907;3,583,281,215;17,734,170.61
6;MAYONEZLER;201907;1,616,281,338;19,771,346.26
97;BIRALAR;201907;5,223,787,869;109,151,554.89
23;TEREYAGLAR;201907;6,817,460,832;272,529,314.18
90;TOZ SABUNLAR;201907;166,955,700;2,769,513.70
25;AILE PLANLAMASI;201907;952,568;923,154.62
10;YARABANTLARI;201907;3,400,400;414,997.23
91;DIGER ACIK GIDA URUNLERI;201907;5,310,280;309,161.95
58;MALT ICECEKLER;201907;54,071,820;669,220.14
2;DONDURMALAR;201907;21,241,985,134;409,731,705.59
18;YOGURTLAR;201907;81,892,379,442;372,033,425.00
8;HEDIYELIK CIKOLATALAR;201907;435,455,599;15,574,707.15
77;ZEYTINLER;201907;11,916,685,246.93;212,239,679.34
28;HAZIR CORBALAR;201907;6,344,034,740;13,823,977.30
15;KAGIT URUNLERI;201907;1,506,611,263;252,504,212.65
19;AYRAN VE KREMA;201907;7,051,815,982;34,049,436.01
83;SABUNLAR VE DUS JELLERI;201907;11,721,282,465;100,268,375.03
34;EV TEMIZLIGI ARACLARI;201907;20,387,634;22,360,413.81
55;TRAS BICAKLARI;201907;12,778,172;19,623,819.54
111;TAHIN - PEKMEZ;201907;1,048,860,279;20,923,699.59
14;TURK KAHVELERI;201907;1,888,790,504;84,811,146.06
7;HELVALAR;201907;1,493,906,776.40;28,256,060.23
85;SAC KREMLERI;201907;1,162,456,390;36,129,229.09
9;KULAK TEMIZLEME CUBUGU;201907;197,433,974;2,913,042.83
116;ARAP SABUNLARI;201907;467,765,410;2,859,117.34
45;AGIZ GARGARALARI;201907;78,291,653;2,653,268.42
120;KOPUK JOLELER;201907;19,288,800;2,275,843.08
33;PUDINGLER;201908;2,872,991,765;47,046,833.39
62;SULAR;201908;671,270,784,670;354,639,462.43
118;KOLONYALAR;201908;918,399,410;18,383,303.08
112;SALCALAR;201908;12,903,679,195;144,047,682.13
72;CAMASIR DETERJANLARI;201908;49,758,289,506;302,826,467.72
14;TURK KAHVELERI;201908;2,080,730,271;93,527,692.85
119;SINEK-BOCEK ILACLARI;201908;1,414,436;15,632,447.76
6;MAYONEZLER;201908;1,603,949,367;20,088,340.21
98;DEODORANTLAR;201908;537,932,267;55,175,793.96
56;EV PARFUMLERI;201908;524,661;5,462,653.67
116;ARAP SABUNLARI;201908;426,380,560;2,601,870.53
88;HAZIR PASTA UNLARI;201908;93,363,048;1,412,082.07
25;AILE PLANLAMASI;201908;1,182,476;1,443,040.88
46;HALI SAMPUANLARI;201908;75,371,978;898,015.04
53;ALUMINYUM FOLYOLAR VE STREC FILMLER;201908;299,191,489.92;24,346,859.54
77;ZEYTINLER;201908;11,648,510,730.10;211,070,644.05
83;SABUNLAR VE DUS JELLERI;201908;12,490,135,420;105,368,635.05
107;HAZIR YEMEKLER;201908;2,806,757,779;30,002,178.15
70;PILLER;201908;4,136,805;4,969,059.03
102;SAC JOLELERI;201908;52,254,685;1,178,411.85
57;SAGLIK BEZLERI;201908;1,681,589;3,232,552.26
121;BRIYANTINLER;201908;2,162,270;182,944.80
41;KAKAOLU SUT TOZLARI;201908;382,860,610.50;13,807,735.29
37;BEBEK ISLAK MENDILLERI;201908;1,370,354,519;85,997,835.21
92;TOZ-KESME SEKERLER;201908;46,980,306,977.80;215,321,623.89
104;CIKOLATA KAPLAMALAR;201908;4,662,519,562.30;131,057,685.90
49;TUZ;201908;8,298,926,872;15,019,031.81
20;ET VE TAVUK SULARI;201908;33,661,194,300;11,758,620.35
15;KAGIT URUNLERI;201908;1,662,360,168;256,657,367.41
17;CEREZLER;201908;3,110,994,492;104,181,992.91
4;GRANUL ICECEKLER;201908;48,841,707;2,091,827.46
67;RECELLER;201908;3,772,962,848;85,861,714.59
87;TRAS KREM VE KOPUKLERI;201908;120,646,680;3,634,952.49
59;BEBEK BANYO KOPUKLERI;201908;83,639,500;1,366,146.30
58;MALT ICECEKLER;201908;91,031,310;1,058,162.84
89;ENERJI VE SPOR ICECEKLERI;201908;538,100,854;7,143,447.45
90;TOZ SABUNLAR;201908;158,616,400;2,398,283.12
101;SAC SPREYLERI;201908;38,127,839;1,749,874.59
78;EKMEKLER;201908;3,557,004,167;29,880,382.26
11;PIRINC UNLARI;201908;216,742,750;4,223,094.98
2;DONDURMALAR;201908;19,067,488,301;374,978,213.73
82;SALEPLER VE BOZALAR;201908;96,018,895;392,686.17
35;HAZIR KAHVELER VE KREMALAR;201908;887,189,665.20;78,847,993.31
47;Test Sector 1;201908;161,539,103,978.58;4,490,065,647.03
1;MARGARINLER;201908;7,503,707,350;77,786,684.40
103;GAZLI MESRUBATLAR;201908;114,437,460,300;282,232,867.50
96;SAMPUANLAR;201908;7,358,854,380;191,468,188.51
40;BUZLU CAYLAR;201908;14,135,332,740;42,387,015.14
84;CAMASIR YUMUSATICILARI;201908;19,814,694,044;107,709,540.45
109;LIMON-SALGAM SULARI;201908;1,792,675,510;6,421,515.10
34;EV TEMIZLIGI ARACLARI;201908;21,673,656;24,652,901.79
42;KETCAPLAR;201908;3,182,136,929;26,086,966.74
19;AYRAN VE KREMA;201908;7,928,890,535;36,493,245.57
51;PASTANE URUNLERI;201908;1,351,686,825;18,073,311.31
55;TRAS BICAKLARI;201908;12,233,724;18,666,855.72
106;RENKLI KOZMETIKLER;201908;2,798,110;38,087,873.99
54;SOSLAR;201908;738,917,696;15,308,603.92
43;SAC BOYALARI;201908;112,052,088;24,817,418.63
26;KEDI-KOPEK MAMALARI;201908;307,481,130;6,445,708.41
91;DIGER ACIK GIDA URUNLERI;201908;2,570,764;150,238.24
18;YOGURTLAR;201908;80,257,921,436.20;385,222,507.86
85;SAC KREMLERI;201908;1,140,522,545;34,830,004.99
29;MAKARNALAR;201908;28,547,171,214.40;117,935,959.13
81;SEKERLER;201908;9,423,963,267.80;184,985,950.38
39;COCUK BEZLERI;201908;298,589,746;230,050,378.47
64;CAYLAR;201908;12,597,707,944;374,509,777.65
97;BIRALAR;201908;5,531,782,045;122,491,486.92
114;BALIK KONSERVELERI;201908;484,042,825;21,951,449.85
10;YARABANTLARI;201908;7,439,420;877,679.51
45;AGIZ GARGARALARI;201908;81,617,720;3,014,112.67
24;HARDALLAR;201908;11,367,455;346,066.99
113;DIS MACUNLARI;201908;581,063,990.50;61,269,201.42
13;EV TEMIZLIGI MADDELERI;201908;37,633,158,007.45;200,941,572.20
93;BAHARATLAR;201908;3,787,886,720;102,951,327.36
110;DONDURULMUS GIDALAR;201908;5,255,152,206;61,369,733.31
32;UNLAR;201908;38,315,370,400;106,831,468.92
79;CIKOLATALAR;201908;1,162,623,570;57,341,935.04
5;NONWEB;201908;2,820,485,758;24,980,172.64
27;MAYALAR;201908;361,526,587.50;7,408,196.78
31;KURUYEMISLER;201908;15,246,907,855.70;406,958,433.55
3;BULASIK DETERJANLARI;201908;20,069,205,352.90;245,620,867.06
38;SIVI YAGLAR;201908;59,147,068,814;476,209,618.09
75;DIS FIRCALARI;201908;3,742,019;17,952,887.89
9;KULAK TEMIZLEME CUBUGU;201908;198,576,164;3,051,298.10
36;TURSULAR;201908;2,603,217,140;19,491,912.47
108;BANDED PACK;201908;3,369,948,386.24;53,146,901.81
60;GUNES YAGLARI VE KREMLERI;201908;80,325,815;20,178,655.13
111;TAHIN - PEKMEZ;201908;1,076,457,842;20,689,202.56
86;TRAS LOSYONLARI;201908;21,010,141;9,713,233.54
61;TRAS ALETLERI;201908;24,971;398,360.17
12;AGIZ SAGLIGI;201908;25,964;227,193.04
69;YUMURTALAR;201908;774,606,164;372,857,098.25
80;MEYVE SULARI;201908;23,710,607,540;90,535,944.73
8;HEDIYELIK CIKOLATALAR;201908;3,419,078,558.60;135,903,921.24
76;MISIR GEVREKLERI;201908;1,336,014,845;27,946,904.22
94;SIRKELER;201908;4,387,573,358;19,801,351.87
22;CILT BAKIM URUNLERI;201908;405,733,266;42,387,427.82
21;AMPULLER;201908;467,271;3,979,917.66
44;KADIN PARFUMLERI;201908;22,474,425;10,886,694.35
100;KUMAS KOKU GIDERICILER;201908;104,705,525;1,760,981.63
48;EV YAPIMI URUNLER;201908;272,522,702,845;0
65;PEYNIRLER;201908;42,908,975,247.43;1,042,829,972.71
30;MADEN SULARI;201908;26,956,120,570;105,676,285.50
105;SUTLER;201908;178,212,199,156;609,918,298.57
63;BAKLIYAT;201908;60,878,979,920.40;388,946,292.75
66;BISKUVILER;201908;21,066,519,586.20;323,971,028.72
16;BEYAZ ETLER;201908;36,677,544,065.06;506,580,526.72
50;ET MAMULLERI;201908;24,802,812,849.67;1,111,970,686.79
52;HIJYENIK PEDLER;201908;171,776,882;76,936,541.55
23;TEREYAGLAR;201908;7,069,811,408;285,813,559.26
68;KREM CIKOLATALAR;201908;6,585,424,896;138,575,088.91
71;SAKIZLAR;201908;135,961,102.33;20,141,870.77
95;COP TORBALARI;201908;75,068,146;15,766,596.23
99;BEBEK PUDRALARI;201908;8,659,430;571,867.03
28;HAZIR CORBALAR;201908;5,601,543,390;12,228,647.81
7;HELVALAR;201908;1,426,902,109;26,826,147.96
74;TUY DOKUCU KREMLER;201908;152,761,669;10,929,420.70
117;MOBILYA BAKIM URUNLERI;201908;214,504,150;1,528,059.07
73;BEBEK MAMALARI;201908;958,685,310;71,438,658.78
115;ALKOLLU ICECEKLER;201908;478,303,000;76,758,207.64
120;KOPUK JOLELER;201908;11,778,780;1,168,263.91
119;SINEK-BOCEK ILACLARI;201909;930,509;10,618,524.68
48;EV YAPIMI URUNLER;201909;132,098,689,828;0
65;PEYNIRLER;201909;42,656,126,388.21;1,044,637,336.37
96;SAMPUANLAR;201909;7,035,128,990;185,454,219.46
17;CEREZLER;201909;2,952,356,092;99,374,739.01
79;CIKOLATALAR;201909;1,364,169,895.90;70,273,058.76
49;TUZ;201909;8,842,329,339;16,077,285.39
27;MAYALAR;201909;364,888,277;7,371,759.12
107;HAZIR YEMEKLER;201909;2,797,537,156;30,120,954.67
52;HIJYENIK PEDLER;201909;176,535,931;78,018,415.90
68;KREM CIKOLATALAR;201909;6,992,167,069;147,098,773.95
97;BIRALAR;201909;4,958,128,588;110,458,531.15
67;RECELLER;201909;3,952,643,594;93,519,138.57
118;KOLONYALAR;201909;443,277,900;8,954,761.48
91;DIGER ACIK GIDA URUNLERI;201909;6,669,322;394,010.62
102;SAC JOLELERI;201909;54,686,850;1,165,186.07
90;TOZ SABUNLAR;201909;181,856,900;3,030,683.39
105;SUTLER;201909;182,217,930,077;632,372,329.99
63;BAKLIYAT;201909;67,672,359,868.70;447,026,703.69
76;MISIR GEVREKLERI;201909;1,564,490,220;31,693,609.83
78;EKMEKLER;201909;4,646,331,121;39,179,382.31
18;YOGURTLAR;201909;76,403,768,824;369,593,333.86
69;YUMURTALAR;201909;767,036,061;373,606,034.39
36;TURSULAR;201909;2,631,703,713;20,224,069.63
7;HELVALAR;201909;1,375,417,824;26,279,819.85
28;HAZIR CORBALAR;201909;5,422,153,990;12,027,770.06
109;LIMON-SALGAM SULARI;201909;1,737,950,000;6,234,750.44
100;KUMAS KOKU GIDERICILER;201909;101,641,800;1,576,161.45
54;SOSLAR;201909;648,819,749;14,045,280.32
111;TAHIN - PEKMEZ;201909;1,642,526,938;32,175,045.41
33;PUDINGLER;201909;2,793,806,693;45,643,761.54
55;TRAS BICAKLARI;201909;13,044,013;21,408,558.50
87;TRAS KREM VE KOPUKLERI;201909;136,709,285;4,315,243.65
21;AMPULLER;201909;563,937;4,683,815.90
12;AGIZ SAGLIGI;201909;33,812;336,053.27
10;YARABANTLARI;201909;4,687,480;533,465.86
120;KOPUK JOLELER;201909;6,952,850;633,650.60
31;KURUYEMISLER;201909;17,147,223,480.20;473,681,524.43
30;MADEN SULARI;201909;24,968,135,490;97,961,617.10
73;BEBEK MAMALARI;201909;943,016,815;71,651,333.89
77;ZEYTINLER;201909;12,371,599,841.70;217,854,841.79
23;TEREYAGLAR;201909;6,710,851,529.40;274,881,612.08
99;BEBEK PUDRALARI;201909;6,076,930;373,540.33
5;NONWEB;201909;2,556,617,058;27,710,946.19
20;ET VE TAVUK SULARI;201909;32,635,565,640;11,481,238.96
112;SALCALAR;201909;14,257,954,342;160,438,124.51
75;DIS FIRCALARI;201909;3,647,452;16,718,818.21
86;TRAS LOSYONLARI;201909;15,001,072;7,038,778.03
115;ALKOLLU ICECEKLER;201909;449,351,300;70,818,090.43
116;ARAP SABUNLARI;201909;418,502,570;2,651,142.51
104;CIKOLATA KAPLAMALAR;201909;4,655,883,905.20;132,076,289.75
53;ALUMINYUM FOLYOLAR VE STREC FILMLER;201909;289,185,189.56;25,048,566.63
15;KAGIT URUNLERI;201909;1,592,945,568;272,092,215.67
110;DONDURULMUS GIDALAR;201909;5,094,335,425;60,268,003.97
47;Test Sector 1;201909;172,582,554,549.68;4,626,123,178.71
62;SULAR;201909;651,296,744,250;346,014,494.92
94;SIRKELER;201909;6,791,611,688;28,996,843.13
50;ET MAMULLERI;201909;17,883,156,744;798,931,505.13
29;MAKARNALAR;201909;29,016,812,362;121,337,099.15
71;SAKIZLAR;201909;134,668,033.04;19,162,970.33
45;AGIZ GARGARALARI;201909;100,167,223;3,540,839.32
113;DIS MACUNLARI;201909;587,379,406.75;63,143,007.37
11;PIRINC UNLARI;201909;207,944,140;4,242,809.26
4;GRANUL ICECEKLER;201909;67,572,402;2,000,871.23
26;KEDI-KOPEK MAMALARI;201909;269,355,125;5,785,348.82
2;DONDURMALAR;201909;11,450,522,204.75;223,219,548.99
38;SIVI YAGLAR;201909;57,418,064,302;467,965,088.60
32;UNLAR;201909;39,129,160,903.60;108,761,983.03
80;MEYVE SULARI;201909;22,973,610,730;91,076,837.36
81;SEKERLER;201909;1,986,855,075.20;46,274,077.98
64;CAYLAR;201909;11,523,071,054.60;357,037,008.56
9;KULAK TEMIZLEME CUBUGU;201909;206,249,480;3,165,295.28
93;BAHARATLAR;201909;3,765,139,964;122,035,268.65
89;ENERJI VE SPOR ICECEKLERI;201909;524,755,936;6,598,857.64
22;CILT BAKIM URUNLERI;201909;373,809,207;40,667,388.41
24;HARDALLAR;201909;17,928,240;539,874.14
85;SAC KREMLERI;201909;1,088,690,821;34,968,748.63
56;EV PARFUMLERI;201909;552,896;5,928,682.62
60;GUNES YAGLARI VE KREMLERI;201909;52,249,525;15,204,217.54
58;MALT ICECEKLER;201909;84,072,870;903,340.06
82;SALEPLER VE BOZALAR;201909;116,992,676;404,023.34
121;BRIYANTINLER;201909;3,639,525;142,151.60
61;TRAS ALETLERI;201909;35,064;774,366.57
66;BISKUVILER;201909;22,000,665,965.80;339,175,919.93
35;HAZIR KAHVELER VE KREMALAR;201909;825,853,709.30;76,415,114.01
16;BEYAZ ETLER;201909;35,315,396,679.65;461,361,425.22
95;COP TORBALARI;201909;77,128,065;15,394,054.22
98;DEODORANTLAR;201909;442,948,203;44,090,092.22
92;TOZ-KESME SEKERLER;201909;46,197,502,155.80;212,613,730.67
37;BEBEK ISLAK MENDILLERI;201909;1,383,202,997;85,016,738.88
41;KAKAOLU SUT TOZLARI;201909;366,925,132.80;13,250,456.87
44;KADIN PARFUMLERI;201909;21,797,904;11,282,364.90
57;SAGLIK BEZLERI;201909;1,727,876;2,949,384.38
70;PILLER;201909;4,772,748;6,036,848.10
46;HALI SAMPUANLARI;201909;100,518,500;1,382,139.89
103;GAZLI MESRUBATLAR;201909;102,633,784,570;257,841,380.34
1;MARGARINLER;201909;6,831,156,100;71,806,824.15
72;CAMASIR DETERJANLARI;201909;49,199,960,973;300,351,030.66
8;HEDIYELIK CIKOLATALAR;201909;682,545,185;26,030,099.73
106;RENKLI KOZMETIKLER;201909;2,828,413;41,696,932.20
84;CAMASIR YUMUSATICILARI;201909;19,914,260,472;105,474,339.71
74;TUY DOKUCU KREMLER;201909;122,021,404;8,712,301.06
39;COCUK BEZLERI;201909;280,237,324;214,420,638.88
51;PASTANE URUNLERI;201909;1,419,822,010;18,759,519.11
25;AILE PLANLAMASI;201909;894,624;1,012,037.41
42;KETCAPLAR;201909;3,056,184,748;24,488,087.74
43;SAC BOYALARI;201909;97,429,632;21,893,272.39
101;SAC SPREYLERI;201909;32,035,500;1,609,467.15
88;HAZIR PASTA UNLARI;201909;114,795,563;1,833,037.88
13;EV TEMIZLIGI MADDELERI;201909;37,188,263,168.70;201,631,328.50
3;BULASIK DETERJANLARI;201909;19,626,535,164.40;242,556,102.87
83;SABUNLAR VE DUS JELLERI;201909;12,462,664,962.60;105,867,000.42
6;MAYONEZLER;201909;1,533,643,538;19,051,604.32
40;BUZLU CAYLAR;201909;11,974,898,970;36,516,690.72
19;AYRAN VE KREMA;201909;7,959,226,735;35,728,324.54
14;TURK KAHVELERI;201909;1,974,086,233;90,117,304.18
108;BANDED PACK;201909;3,482,345,249.01;56,617,845.46
34;EV TEMIZLIGI ARACLARI;201909;21,136,722;23,589,709.48
114;BALIK KONSERVELERI;201909;443,191,430;20,500,087.76
59;BEBEK BANYO KOPUKLERI;201909;66,236,850;1,112,628.25
117;MOBILYA BAKIM URUNLERI;201909;181,257,800;1,478,723.59
52;HIJYENIK PEDLER;201910;180,299,891;81,127,943.99
79;CIKOLATALAR;201910;1,686,056,985.60;86,267,093.30
33;PUDINGLER;201910;3,035,106,073;50,986,273.92
31;KURUYEMISLER;201910;19,335,203,027.10;560,507,980.30
30;MADEN SULARI;201910;21,479,769,820;84,631,827.35
62;SULAR;201910;651,937,838,260;342,357,220.49
41;KAKAOLU SUT TOZLARI;201910;420,378,111.70;15,541,604.77
83;SABUNLAR VE DUS JELLERI;201910;12,161,192,607;106,910,731.37
19;AYRAN VE KREMA;201910;7,519,152,260;35,671,736.50
20;ET VE TAVUK SULARI;201910;35,009,345,820;12,489,228.63
54;SOSLAR;201910;645,487,606;14,121,898.12
22;CILT BAKIM URUNLERI;201910;499,752,343;48,837,512.05
4;GRANUL ICECEKLER;201910;63,526,285;1,705,496.65
111;TAHIN - PEKMEZ;201910;2,452,438,147;50,003,833.17
51;PASTANE URUNLERI;201910;1,544,303,850;20,792,278.68
89;ENERJI VE SPOR ICECEKLERI;201910;449,566,273;5,944,614.19
44;KADIN PARFUMLERI;201910;24,438,160;11,447,931.91
21;AMPULLER;201910;630,960;5,276,370.71
106;RENKLI KOZMETIKLER;201910;2,917,780;43,936,749.68
70;PILLER;201910;5,956,168;7,437,460.30
25;AILE PLANLAMASI;201910;802,514;1,194,888.92
57;SAGLIK BEZLERI;201910;1,265,238;2,740,228.23
105;SUTLER;201910;197,092,785,249;692,456,738.97
113;DIS MACUNLARI;201910;598,642,298.75;66,423,069.89
13;EV TEMIZLIGI MADDELERI;201910;37,286,822,694.55;205,683,424.35
17;CEREZLER;201910;3,108,319,456;103,941,672.16
53;ALUMINYUM FOLYOLAR VE STREC FILMLER;201910;276,130,374.52;25,134,931.60
71;SAKIZLAR;201910;136,338,135.86;19,850,349.11
3;BULASIK DETERJANLARI;201910;20,420,136,152.20;251,331,558.08
108;BANDED PACK;201910;3,623,098,470.16;54,445,878.71
45;AGIZ GARGARALARI;201910;86,629,660;3,172,879.70
107;HAZIR YEMEKLER;201910;2,953,896,895;32,194,177.54
9;KULAK TEMIZLEME CUBUGU;201910;218,502,340;3,334,649.12
110;DONDURULMUS GIDALAR;201910;5,284,993,256;61,051,908.32
90;TOZ SABUNLAR;201910;190,962,000;3,417,298.45
12;AGIZ SAGLIGI;201910;18,555;168,794.89
117;MOBILYA BAKIM URUNLERI;201910;208,866,300;1,566,371.28
118;KOLONYALAR;201910;378,724,075;8,340,262.21
61;TRAS ALETLERI;201910;11,276;252,630.95
38;SIVI YAGLAR;201910;60,386,032,026;500,028,384.20
85;SAC KREMLERI;201910;1,176,212,667;37,878,139.35
67;RECELLER;201910;4,329,956,636;107,978,177.12
77;ZEYTINLER;201910;15,746,823,005.40;266,028,113.01
93;BAHARATLAR;201910;3,945,918,737.60;118,651,599.19
95;COP TORBALARI;201910;71,473,532;15,142,153.88
68;KREM CIKOLATALAR;201910;7,291,759,967;151,074,993.79
37;BEBEK ISLAK MENDILLERI;201910;1,337,029,086;82,283,177.78
32;UNLAR;201910;38,018,402,916;107,948,952.07
1;MARGARINLER;201910;7,628,910,000;80,549,423.46
102;SAC JOLELERI;201910;55,098,815;1,130,708.74
39;COCUK BEZLERI;201910;280,367,507;215,763,701.43
119;SINEK-BOCEK ILACLARI;201910;577,759;6,689,789.50
43;SAC BOYALARI;201910;113,035,662;24,917,439.80
66;BISKUVILER;201910;25,381,575,493;397,279,814.99
15;KAGIT URUNLERI;201910;1,627,602,598;265,448,780.19
50;ET MAMULLERI;201910;19,106,462,221.40;855,835,244.39
35;HAZIR KAHVELER VE KREMALAR;201910;885,501,881.30;88,103,526.15
76;MISIR GEVREKLERI;201910;1,694,196,645;34,700,498.31
98;DEODORANTLAR;201910;462,660,761;48,991,348.15
75;DIS FIRCALARI;201910;3,695,038;17,595,782.87
34;EV TEMIZLIGI ARACLARI;201910;22,615,019;25,487,963.67
115;ALKOLLU ICECEKLER;201910;432,567,150;71,718,982.16
59;BEBEK BANYO KOPUKLERI;201910;70,912,000;1,182,811.35
60;GUNES YAGLARI VE KREMLERI;201910;7,356,595;2,035,688.51
99;BEBEK PUDRALARI;201910;7,601,430;686,738.12
86;TRAS LOSYONLARI;201910;13,539,819;4,773,700.73
69;YUMURTALAR;201910;826,562,549;389,758,581.61
58;MALT ICECEKLER;201910;57,573,220;615,014.92
6;MAYONEZLER;201910;1,647,822,425;19,563,007.46
8;HEDIYELIK CIKOLATALAR;201910;401,212,221;13,657,344.56
27;MAYALAR;201910;385,290,209;8,411,263.36
74;TUY DOKUCU KREMLER;201910;128,115,139;8,371,137.98
56;EV PARFUMLERI;201910;655,769;6,536,500.62
109;LIMON-SALGAM SULARI;201910;1,672,570,390;5,909,501.20
100;KUMAS KOKU GIDERICILER;201910;110,404,530;1,578,227.31
10;YARABANTLARI;201910;4,228,474;566,778.35
121;BRIYANTINLER;201910;8,036,770;339,787.75
114;BALIK KONSERVELERI;201910;502,284,465;22,970,122.43
84;CAMASIR YUMUSATICILARI;201910;20,634,024,864;108,588,846.94
96;SAMPUANLAR;201910;7,255,523,075;193,936,902.60
78;EKMEKLER;201910;5,331,959,158;45,536,891.42
47;Test Sector 1;201910;193,515,219,814.17;5,236,181,978.43
63;BAKLIYAT;201910;73,062,776,798.84;486,103,971.59
92;TOZ-KESME SEKERLER;201910;44,855,448,316.40;209,279,113.05
72;CAMASIR DETERJANLARI;201910;52,294,639,386.20;320,051,901.72
64;CAYLAR;201910;11,976,896,268.30;384,301,546.99
16;BEYAZ ETLER;201910;38,162,239,660.70;465,378,184.10
81;SEKERLER;201910;1,802,569,328.80;44,865,053.61
40;BUZLU CAYLAR;201910;8,975,581,750;27,684,166.45
55;TRAS BICAKLARI;201910;13,111,517;21,989,376.86
11;PIRINC UNLARI;201910;199,038,650;4,472,802.51
49;TUZ;201910;8,789,868,052;16,110,142.02
97;BIRALAR;201910;4,545,872,910;102,236,915.43
73;BEBEK MAMALARI;201910;965,884,785;74,086,696.67
87;TRAS KREM VE KOPUKLERI;201910;161,161,665;5,132,052.12
46;HALI SAMPUANLARI;201910;75,114,250;988,820.08
101;SAC SPREYLERI;201910;51,175,970;2,158,920.07
80;MEYVE SULARI;201910;21,642,378,440;85,829,694.21
103;GAZLI MESRUBATLAR;201910;88,094,224,690;223,392,100.67
18;YOGURTLAR;201910;76,346,982,694;365,971,097.71
94;SIRKELER;201910;7,377,347,460;31,297,071.12
2;DONDURMALAR;201910;3,631,507,899.75;72,734,103.11
14;TURK KAHVELERI;201910;1,974,473,028.50;89,906,281.26
26;KEDI-KOPEK MAMALARI;201910;423,142,018;9,183,761.15
120;KOPUK JOLELER;201910;10,623,500;1,441,139.35
65;PEYNIRLER;201910;43,200,779,229.80;1,063,017,572.77
104;CIKOLATA KAPLAMALAR;201910;5,886,505,249.70;166,635,057.65
29;MAKARNALAR;201910;30,310,234,404;127,455,639.12
23;TEREYAGLAR;201910;7,307,412,016;305,192,058.66
88;HAZIR PASTA UNLARI;201910;107,599,550;1,889,997.06
112;SALCALAR;201910;14,080,117,457;163,222,343.26
7;HELVALAR;201910;1,771,177,909;34,107,947.03
28;HAZIR CORBALAR;201910;5,560,328,150;12,825,810.46
42;KETCAPLAR;201910;3,304,203,938;25,838,885.23
36;TURSULAR;201910;2,746,205,851;21,708,027.56
116;ARAP SABUNLARI;201910;396,354,050;2,635,651.60
48;EV YAPIMI URUNLER;201910;133,353,726,669;-170,098
82;SALEPLER VE BOZALAR;201910;437,612,705;2,170,793.06
5;NONWEB;201910;2,715,072,899.51;29,706,257.30
24;HARDALLAR;201910;28,189,645;835,261.66
91;DIGER ACIK GIDA URUNLERI;201910;15,336,886;934,755.70
47;Test Sector 1;201911;164,766,528,644.08;4,224,970,708.49
63;BAKLIYAT;201911;64,912,331,265.60;435,888,405.82
3;BULASIK DETERJANLARI;201911;20,850,152,113.60;256,221,270.05
80;MEYVE SULARI;201911;19,479,642,720;76,576,689.87
28;HAZIR CORBALAR;201911;5,626,632,340;13,216,949.36
69;YUMURTALAR;201911;796,677,436.93;380,009,261.44
82;SALEPLER VE BOZALAR;201911;1,053,796,530;5,515,426.85
68;KREM CIKOLATALAR;201911;7,189,507,397;151,230,261.75
19;AYRAN VE KREMA;201911;7,307,345,993;38,912,639.19
37;BEBEK ISLAK MENDILLERI;201911;1,291,358,694;79,611,205.69
70;PILLER;201911;5,433,338;7,049,798.82
26;KEDI-KOPEK MAMALARI;201911;331,292,845;6,633,313.98
115;ALKOLLU ICECEKLER;201911;415,215,300;65,749,485.42
116;ARAP SABUNLARI;201911;364,549,050;2,407,160.76
85;SAC KREMLERI;201911;1,066,682,253;33,852,528.51
100;KUMAS KOKU GIDERICILER;201911;115,088,760;1,923,616.76
101;SAC SPREYLERI;201911;39,538,510;2,274,078.17
60;GUNES YAGLARI VE KREMLERI;201911;5,850,150;1,221,055.77
2;DONDURMALAR;201911;1,821,560,048;34,780,313.30
18;YOGURTLAR;201911;71,131,391,276.80;352,708,988.40
96;SAMPUANLAR;201911;6,717,566,030;174,745,593.88
35;HAZIR KAHVELER VE KREMALAR;201911;817,056,075.60;101,134,548.50
16;BEYAZ ETLER;201911;37,791,609,937.73;458,776,502.17
103;GAZLI MESRUBATLAR;201911;85,631,459,550;218,127,086.68
71;SAKIZLAR;201911;150,261,655.41;22,257,527.78
114;BALIK KONSERVELERI;201911;452,609,630;21,203,572.60
36;TURSULAR;201911;2,427,859,947;18,792,126.36
33;PUDINGLER;201911;3,239,090,153;54,464,206.62
56;EV PARFUMLERI;201911;561,385;5,873,849.97
73;BEBEK MAMALARI;201911;920,633,755;70,370,164.46
88;HAZIR PASTA UNLARI;201911;88,321,848;1,552,365.58
46;HALI SAMPUANLARI;201911;54,249,850;854,821.53
120;KOPUK JOLELER;201911;11,688,025;1,147,771.54
121;BRIYANTINLER;201911;3,531,794;169,089.14
104;CIKOLATA KAPLAMALAR;201911;6,431,654,993.40;184,515,990.37
32;UNLAR;201911;36,287,532,023;105,296,359.13
105;SUTLER;201911;184,937,830,766;665,144,009.28
30;MADEN SULARI;201911;20,073,601,670;79,095,579.58
34;EV TEMIZLIGI ARACLARI;201911;21,941,854;24,292,813.41
75;DIS FIRCALARI;201911;3,227,425;15,246,533.19
107;HAZIR YEMEKLER;201911;3,073,803,218;33,959,501.65
106;RENKLI KOZMETIKLER;201911;2,887,044;41,665,153.45
90;TOZ SABUNLAR;201911;208,849,800;3,733,056.03
4;GRANUL ICECEKLER;201911;58,194,459;1,294,154.27
45;AGIZ GARGARALARI;201911;110,942,390;3,973,834.03
25;AILE PLANLAMASI;201911;931,805;1,346,241.25
59;BEBEK BANYO KOPUKLERI;201911;60,027,600;1,067,370.40
12;AGIZ SAGLIGI;201911;11,440;82,576.32
17;CEREZLER;201911;3,258,733,803.60;108,089,316.63
79;CIKOLATALAR;201911;1,827,774,064.85;92,092,825.93
112;SALCALAR;201911;12,301,098,060;142,120,269.14
50;ET MAMULLERI;201911;21,686,515,502.72;981,210,219.15
94;SIRKELER;201911;5,707,171,134;25,965,473.62
78;EKMEKLER;201911;4,790,865,061;41,820,200.71
72;CAMASIR DETERJANLARI;201911;51,515,091,517.50;312,830,289.46
110;DONDURULMUS GIDALAR;201911;5,385,657,233;64,210,101.35
83;SABUNLAR VE DUS JELLERI;201911;12,360,625,032;103,138,068.60
41;KAKAOLU SUT TOZLARI;201911;427,866,750.30;16,070,359.01
95;COP TORBALARI;201911;70,609,346;14,428,935.56
49;TUZ;201911;8,489,716,509;16,461,935.96
108;BANDED PACK;201911;3,738,916,564.50;55,399,365.43
67;RECELLER;201911;4,151,858,560;105,103,643.11
9;KULAK TEMIZLEME CUBUGU;201911;219,972,772;3,359,919.54
6;MAYONEZLER;201911;1,728,993,158;20,381,701.23
87;TRAS KREM VE KOPUKLERI;201911;136,675,030;4,416,427.53
42;KETCAPLAR;201911;3,250,726,838;25,531,960.01
11;PIRINC UNLARI;201911;206,239,725;4,574,208.96
10;YARABANTLARI;201911;2,964,372;386,896.13
24;HARDALLAR;201911;29,594,910;835,563.39
117;MOBILYA BAKIM URUNLERI;201911;192,158,600;1,854,578.55
65;PEYNIRLER;201911;42,288,706,047.66;1,053,234,982.49
92;TOZ-KESME SEKERLER;201911;42,783,203,296.40;198,875,746.91
7;HELVALAR;201911;1,979,847,695.40;37,712,586.42
113;DIS MACUNLARI;201911;579,069,069.50;64,218,284.23
13;EV TEMIZLIGI MADDELERI;201911;36,257,385,041.85;202,163,455.53
53;ALUMINYUM FOLYOLAR VE STREC FILMLER;201911;245,576,336.56;24,677,962.62
84;CAMASIR YUMUSATICILARI;201911;19,593,365,378;107,324,153.37
102;SAC JOLELERI;201911;52,509,125;1,091,487.22
99;BEBEK PUDRALARI;201911;5,737,925;573,622.65
14;TURK KAHVELERI;201911;1,986,890,286;90,272,064.43
31;KURUYEMISLER;201911;18,645,144,813.70;546,556,766.46
54;SOSLAR;201911;679,856,539;14,660,841.27
48;EV YAPIMI URUNLER;201911;112,105,215,250;0
62;SULAR;201911;618,597,953,490;327,173,377.36
64;CAYLAR;201911;12,844,032,341.70;419,624,584.64
76;MISIR GEVREKLERI;201911;1,655,705,285;34,081,097.57
97;BIRALAR;201911;3,841,945,946;86,784,522.70
8;HEDIYELIK CIKOLATALAR;201911;395,756,475;14,500,178.45
15;KAGIT URUNLERI;201911;1,583,095,102;271,215,679.32
22;CILT BAKIM URUNLERI;201911;476,576,863;45,349,025.57
109;LIMON-SALGAM SULARI;201911;1,725,028,610;6,389,328.20
44;KADIN PARFUMLERI;201911;23,778,208;13,849,735.50
43;SAC BOYALARI;201911;106,986,840;23,983,035.16
5;NONWEB;201911;2,399,975,527.50;23,775,095.05
29;MAKARNALAR;201911;28,681,596,011;125,612,359.26
52;HIJYENIK PEDLER;201911;171,098,932;75,879,255.08
39;COCUK BEZLERI;201911;258,687,249;194,881,750.31
98;DEODORANTLAR;201911;362,151,935;35,862,798.27
20;ET VE TAVUK SULARI;201911;35,089,231,680;12,298,969.88
38;SIVI YAGLAR;201911;63,280,305,003;530,593,365.67
21;AMPULLER;201911;670,923;5,576,354.81
74;TUY DOKUCU KREMLER;201911;104,021,690;7,567,244.78
86;TRAS LOSYONLARI;201911;14,062,795;6,462,997.96
58;MALT ICECEKLER;201911;47,301,360;553,006.16
93;BAHARATLAR;201911;4,188,463,538;126,991,738.11
66;BISKUVILER;201911;24,644,105,880.30;391,224,245.09
81;SEKERLER;201911;1,920,995,181.70;50,018,031.11
77;ZEYTINLER;201911;16,968,229,235.30;287,159,767.31
23;TEREYAGLAR;201911;6,790,797,467.20;287,203,857.82
1;MARGARINLER;201911;7,844,593,400;81,862,481.74
89;ENERJI VE SPOR ICECEKLERI;201911;415,868,763;5,248,831.07
55;TRAS BICAKLARI;201911;11,860,910;20,003,690.99
51;PASTANE URUNLERI;201911;1,478,410,350;19,938,994.48
40;BUZLU CAYLAR;201911;7,691,712,300;24,386,909.24
27;MAYALAR;201911;399,369,848.50;8,611,873.84
111;TAHIN - PEKMEZ;201911;2,878,465,892.90;62,353,237.34
57;SAGLIK BEZLERI;201911;1,829,700;3,198,532.70
118;KOLONYALAR;201911;311,454,100;7,165,271.45
119;SINEK-BOCEK ILACLARI;201911;357,858;4,038,915.74
91;DIGER ACIK GIDA URUNLERI;201911;22,090,099;1,642,534.14
61;TRAS ALETLERI;201911;37,363;640,818.40
41;KAKAOLU SUT TOZLARI;201912;479,386,530.80;18,196,020.04
113;DIS MACUNLARI;201912;677,464,364;77,109,026.42
72;CAMASIR DETERJANLARI;201912;51,319,234,449.50;308,905,743.42
18;YOGURTLAR;201912;69,626,018,724;358,328,663.00
108;BANDED PACK;201912;3,493,811,031.37;54,105,537.77
17;CEREZLER;201912;3,429,571,104;112,884,430.18
109;LIMON-SALGAM SULARI;201912;1,784,059,350;6,744,042.30
78;EKMEKLER;201912;5,096,088,792;45,865,273.12
82;SALEPLER VE BOZALAR;201912;1,821,499,105;9,636,227.82
115;ALKOLLU ICECEKLER;201912;463,225,300;74,085,706.28
34;EV TEMIZLIGI ARACLARI;201912;21,382,559;25,327,630.57
43;SAC BOYALARI;201912;94,898,157;21,867,752.98
20;ET VE TAVUK SULARI;201912;35,511,114,180;12,648,071.37
21;AMPULLER;201912;813,898;7,053,302.74
118;KOLONYALAR;201912;319,380,040;7,792,349.48
45;AGIZ GARGARALARI;201912;164,113,520;5,633,169.01
11;PIRINC UNLARI;201912;229,250,420;4,840,757.23
120;KOPUK JOLELER;201912;12,545,175;1,458,709.53
88;HAZIR PASTA UNLARI;201912;135,108,667;2,343,156.20
24;HARDALLAR;201912;22,749,995;714,403.58
117;MOBILYA BAKIM URUNLERI;201912;193,988,100;1,703,252.10
99;BEBEK PUDRALARI;201912;10,442,170;1,033,805.11
12;AGIZ SAGLIGI;201912;19,708;193,741.55
121;BRIYANTINLER;201912;3,158,400;190,605.33
79;CIKOLATALAR;201912;2,009,728,961.20;101,179,630.89
38;SIVI YAGLAR;201912;62,378,706,541;524,713,835.68
62;SULAR;201912;625,987,137,660;330,482,787.62
112;SALCALAR;201912;11,177,593,134;123,565,921.44
64;CAYLAR;201912;13,042,312,659.70;430,843,988.75
23;TEREYAGLAR;201912;6,969,765,270.80;302,400,063.92
89;ENERJI VE SPOR ICECEKLERI;201912;407,014,666;5,328,142.15
70;PILLER;201912;5,264,509;6,743,592.32
95;COP TORBALARI;201912;73,327,610;15,300,678.01
86;TRAS LOSYONLARI;201912;16,718,990;6,899,615.34
44;KADIN PARFUMLERI;201912;22,752,086;15,399,148.41
103;GAZLI MESRUBATLAR;201912;80,449,955,100;205,166,339.28
66;BISKUVILER;201912;25,085,007,034.50;397,102,155.30
105;SUTLER;201912;190,910,113,381;711,275,224.91
76;MISIR GEVREKLERI;201912;1,622,350,290;33,672,725.99
47;Test Sector 1;201912;191,274,315,236.13;4,536,660,960.85
53;ALUMINYUM FOLYOLAR VE STREC FILMLER;201912;246,866,122.80;26,802,054.87
5;NONWEB;201912;1,993,359,164.72;26,700,476.22
96;SAMPUANLAR;201912;6,672,485,180;174,469,925.79
14;TURK KAHVELERI;201912;2,032,410,364;92,267,720.35
2;DONDURMALAR;201912;873,084,514;18,381,754.71
54;SOSLAR;201912;727,001,016;16,383,001.25
8;HEDIYELIK CIKOLATALAR;201912;403,048,565.50;14,664,110.19
85;SAC KREMLERI;201912;1,011,027,919;33,564,967.33
114;BALIK KONSERVELERI;201912;507,709,915;22,804,678.40
26;KEDI-KOPEK MAMALARI;201912;403,001,172;6,956,966.95
58;MALT ICECEKLER;201912;41,974,470;471,085.68
59;BEBEK BANYO KOPUKLERI;201912;57,089,700;1,005,036.26
46;HALI SAMPUANLARI;201912;37,510,700;634,055.67
61;TRAS ALETLERI;201912;34,460;727,829.74
81;SEKERLER;201912;1,829,335,808.50;48,013,685.74
110;DONDURULMUS GIDALAR;201912;5,929,194,438;71,216,207.37
1;MARGARINLER;201912;8,063,488,600;83,085,838.04
94;SIRKELER;201912;4,532,043,520;22,045,106.05
39;COCUK BEZLERI;201912;261,997,910;197,366,167.11
51;PASTANE URUNLERI;201912;1,445,431,720;19,044,894.31
90;TOZ SABUNLAR;201912;244,868,100;4,144,141.19
60;GUNES YAGLARI VE KREMLERI;201912;3,830,000;1,404,871.05
49;TUZ;201912;8,004,268,302;15,593,821.76
16;BEYAZ ETLER;201912;37,867,712,192.30;466,288,388.54
63;BAKLIYAT;201912;66,913,810,541.80;446,333,096.67
30;MADEN SULARI;201912;17,923,528,400;70,579,178.55
68;KREM CIKOLATALAR;201912;7,129,584,663;153,972,054.44
37;BEBEK ISLAK MENDILLERI;201912;1,411,907,365;97,651,603.17
69;YUMURTALAR;201912;832,492,965.50;414,147,270.15
80;MEYVE SULARI;201912;19,448,775,970;77,566,128.15
67;RECELLER;201912;3,960,598,239;96,882,084.65
13;EV TEMIZLIGI MADDELERI;201912;34,325,951,942.95;196,114,283.97
40;BUZLU CAYLAR;201912;7,544,297,370;22,800,276.03
74;TUY DOKUCU KREMLER;201912;128,072,665;8,923,775.92
36;TURSULAR;201912;2,109,722,369;17,040,889.31
106;RENKLI KOZMETIKLER;201912;2,911,909;42,682,231.30
57;SAGLIK BEZLERI;201912;1,855,696;3,377,449.41
6;MAYONEZLER;201912;1,711,789,865;21,055,176.35
119;SINEK-BOCEK ILACLARI;201912;158,927;2,202,693.72
107;HAZIR YEMEKLER;201912;3,426,586,470;37,158,572.33
93;BAHARATLAR;201912;4,207,093,904.70;130,656,051.05
104;CIKOLATA KAPLAMALAR;201912;6,690,962,193.50;195,583,189.61
92;TOZ-KESME SEKERLER;201912;44,772,307,917;207,688,351.89
19;AYRAN VE KREMA;201912;6,981,653,204;40,703,617.59
35;HAZIR KAHVELER VE KREMALAR;201912;815,685,954.10;105,034,134.26
7;HELVALAR;201912;2,109,551,119.20;39,405,061.49
98;DEODORANTLAR;201912;328,800,677;34,118,932.68
97;BIRALAR;201912;3,628,364,736;82,764,106.26
42;KETCAPLAR;201912;3,326,674,088;26,389,628.07
9;KULAK TEMIZLEME CUBUGU;201912;225,425,696;3,337,356.99
22;CILT BAKIM URUNLERI;201912;559,387,148;60,675,437.96
75;DIS FIRCALARI;201912;4,115,538;23,583,117.55
73;BEBEK MAMALARI;201912;923,950,845;75,494,877.41
87;TRAS KREM VE KOPUKLERI;201912;127,240,855;4,171,882.03
101;SAC SPREYLERI;201912;41,203,110;2,522,294.59
29;MAKARNALAR;201912;30,235,075,360;134,285,470.55
27;MAYALAR;201912;407,147,844;9,087,819.73
50;ET MAMULLERI;201912;24,300,139,173.40;1,099,876,198.65
83;SABUNLAR VE DUS JELLERI;201912;12,352,558,613;105,291,891.39
77;ZEYTINLER;201912;13,977,021,821.80;248,400,165.96
15;KAGIT URUNLERI;201912;1,627,726,721;283,779,587.09
116;ARAP SABUNLARI;201912;352,043,010;2,352,679.65
28;HAZIR CORBALAR;201912;5,476,955,390;13,107,082.46
25;AILE PLANLAMASI;201912;1,478,753;1,572,214.05
56;EV PARFUMLERI;201912;560,185;5,600,430.24
4;GRANUL ICECEKLER;201912;82,809,215;1,495,538.56
91;DIGER ACIK GIDA URUNLERI;201912;20,594,439;1,579,629.49
65;PEYNIRLER;201912;41,327,112,172.62;1,095,236,840.50
31;KURUYEMISLER;201912;18,802,436,898.79;566,765,674.24
84;CAMASIR YUMUSATICILARI;201912;19,300,559,190;105,701,074.43
48;EV YAPIMI URUNLER;201912;111,926,129,736;0
32;UNLAR;201912;37,165,993,195;111,389,874.80
3;BULASIK DETERJANLARI;201912;20,654,025,593.20;259,225,059.26
33;PUDINGLER;201912;3,535,142,113;61,750,098.46
71;SAKIZLAR;201912;153,823,968.79;22,264,152.48
111;TAHIN - PEKMEZ;201912;3,291,359,720;72,202,081.90
55;TRAS BICAKLARI;201912;12,008,679;20,295,984.92
52;HIJYENIK PEDLER;201912;176,116,658;77,880,945.88
100;KUMAS KOKU GIDERICILER;201912;112,473,660;2,303,451.14
10;YARABANTLARI;201912;3,320,529;620,280.41
102;SAC JOLELERI;201912;50,363,925;933,863.95
